"id","study_id","read_calctype","read_ancovasource","read_calcmethod","read_imputemethod","justification","imbalance","read_comments","recalc_study","recalc_calctype","recalc_ancovasource","recalc_calcmethod","recalc_imputemethod","recalc_comments","extract_user","submitted_date","last_updated","is_draft"
"1","1","change score",NULL,"SMD (Hedges&#039; g) based on change score means and change score sds","r = 0.5","Cochrane Handbook recommendations (&quot;conservative correlation of 0.5 was assumed to minimize the likelihood of overstating the intervention effect&quot;), Lakens 2013 for SMD with Hedges&#039; g","half of the studies are non-randomized. The RoB checklist (Suppl 3) is not really suitable as its items are for RCTs. The RoB results are therefore questionable.","The authors present the imputation of the pre-post correlation as a limitation. Interestingly, the methods section seem to be copy-pasted and included a wording not relevant to the study (stretching vs. control).","Almquist 2022 (Group 2) (41 of 68 in Sup Fig 1, but there might be some double-counting in the forest plot)","change score",NULL,"This one is tricky. From how I understand it the authors did in fact not perform any group comparison, but only calculated within changes for each group. They used SMD with Hedges&#039; g correction for this (I could reproduce this with the number they give), but with treating the pre- and post-measures as independent. Thus not considering the pre-post correlation at all despite stating.","none","I also couldn&#039;t reproduce their data extraction. The numbers reported in the MA do neither exactly match the data from the plot or table of the original publication (which differ, by the way). So there may be several issues here. 

The main take-away is that the meta-analysis did not really use a group comparison at all despite stating this. Maybe Tab 2 indicates a potential between group comparison, but this rather looks like a comparison of different overall within-groups effects. Maybe the multi-level MA offers any additional information, but I can&#039;t find anything more on it. 

So I could reproduce the ES size measure, but not with the method stated. Also I could not reproduce the data extraction.","SN","2025-03-04 11:41:54","2025-05-20 15:22:51","0"
"2","5","change score",NULL,"SMD of change score means devided by pooled change score sds. Unclear if Hedges&#039; correction. Indirect link to Borenstein &amp; Hedges for the variance estimator, which would mean that Hedges&#039; correction applies (though their reference makes a mistake in copying the formula).","r=0.5","commonly used, &quot;balancing the risk of over- or underestimating the variance.&quot; Reference to Rosenthal","only randomized or crossover studies included",,"Franchi et al (14 of 35 in Fig 2, though there is potentially double-counting of studies)","change score",NULL,"SMD of change scores standardized by the change score standard deviation, without Hedges&#039; g correction. Variance calculation unclear","0.5","I had to try to recalculate three studies: The first and second study presented percentage differences with a measure of variability, so that no correlation imputation was needed. For the third study I could confirm the imputation procedure. In general I could reproduce the effect sizes (when not using Hedges&#039; correct, the correction was not written in the manuscript but may have been implied by the references). I could not reproduce the CIs, maybe in part because I had to extract these values from a low quality figure. 

Also, for the first study I tried to recalculate, the MA authors mistook SEM for SD, making the effect estimate incorrect. In this case the CIs were also definetly off.","SN","2025-03-04 13:35:12","2025-03-25 12:36:54","0"
"3","6","unclear",NULL,"I guess post-score based SMD (Cohen&#039;s d), but I am not exactly sure because only studies with pre and post-measures were included.",,"At some point Cochrane is referenced for the effect size measures selected, but no explicit justification.","included RCTs and CTs, analyzed separately, ROBINS-I and RoB2 bias assessment.",,"Fu (2013), from Figure S1a (Suppl)","change score",NULL,"Cohen&#039;s d SMD based on change scores (standardized by either average pre and post standard deviation or by change score standard deviation when imputing r = 0.5).","maybe r=0.5 or average pre and post sd instead","I had to use a second study to work out the effect size calculation procedure. It then worked for both. The MA neither mentioned any correlation imputation nor standard deviation combination procedure, and they provide comparable results, so I am unclear which of both was used. In general the article lacks any concrete description of the effect size calculation procedure.","SN","2025-03-06 13:00:37","2025-03-25 12:37:21","0"
"4","7","change score",NULL,"SMD of change scores standardized by pooled pre sd (this is essentially the ppc2 approach by Morris 2008)","unclear (although not needed for standardization, but for variance estimate)","reference to Morris 2008","randomized and non-randomized trials included, pedro scale rating",,"Hayes &amp; Walker (2007) [1] (87 out of 106 from S6 Fig 1)","change score",NULL,"ppc2 of Morris (change score based SMD with pooled pre sd for standardization). Matches ES and almost matches CI.","r=0.5","The authors provided the full extracted data with was extremely helpful for reanalyzing. I had to extract the original study data from a plot but received values similar to the MA authors. The MA authors made a mistake in data extraction for the sample size of the control group. The correlation imputation had to be guessed, but worked well (also in the raw data the authors commented that they used r=0.5 for calculating change score sd, which they did not use for their analysis).","SN","2025-03-07 11:55:21","2025-03-25 12:37:33","0"
"5","9","change score",NULL,"SMD based on change scores standardized by pooled pre sd (Morris ppc2).","r = 0.7","reference to Morris for the effect size. reference to Rosenthal (1986) for the correlation imputation (&quot;standard value of 0.7&quot;)","only randomized controlled trials included","The authors provide the formula for their ES and its variance.","Martínez Guardado (2020) bizeps curl (16 out of 31 from Fig 2)","change score",NULL,"SMD based on change scores standardized by pooled pre sd (Morris ppc2).","0.7","recalculation perfectly worked with the first try","SN","2025-03-07 17:28:24","2025-04-29 14:49:41","0"
"6","2","change score",NULL,"Hedges g with correction factor c= (1-3/4(n-1) using raw score standardisation (according to Becker &amp; Morris)","p calculation as reported in the Cochrane handbook alternatively:  imputation of p=0.7","all articles included pre and post-case control designs (Becker, 1988 &amp; Morris, 2008)","Risk of Bias analysis for randomised trials (RoB2) showed some concerns (64%) and 36% with high risk and analysis for nonrandomized trials (ROBINS-I) showed at least serious risk for each article",,"Simao, R. (Reference in forest plot wrong. 76 instead of 77), no. 20 in Figure 4",NULL,NULL,"was able to recalculate the Effect size with the given equation (4) by Favro which is in line with Morris 2008. I was not able to recalculate CI / variance as the change SD was not given and r=0.7 led to different CI.",,,"TS","2025-03-26 19:41:00","2025-03-28 10:21:44","0"
"7","4","unclear",NULL,"probably some change-score based MD but this is written nowhere","none","none","only RCTs included","from the forest plot and the one vague sentence on effect size calculation, I suppose the MA uses MD based on change scores. But there are almost no information given, also the language is sometimes confusing.","Carcelén-Fraile 2022 (3 out of 19 in Fig 2)","change score",NULL,"MD of change scores and their sd. Mean and sd of change scores are compared with a traditional (between-group/independent) MD. This could count as some form of change score-based standardization.","r = 0.5","This was fairly easy to recalculate, in part because the forest plot shows detailed data (mean, sd, for both groups).","SN","2025-03-28 16:56:42","2025-03-28 18:20:16","0"
"8","13","unclear",NULL,"SMD, but unclear based on what",,"none","non-randomized studies included, RoB-2 tool to assess bias (e.g. due to missing randomization)","there is really not much reported on the effect sizes. Maybe it&#039;s post score only then?","Moro 2020 (14 out of 17 in Fig 2)","post-measures",NULL,"SMD, possibly with Hedges correction but this does not make a difference in this case",,"fairly easy to recalculate because the forest plots showed means and sds for both groups.","SN","2025-03-28 18:00:00","2025-03-28 18:19:57","0"
"10","10","change score",NULL,"not required","not required","na","Randomised controlled and non-controlled training studies, ROB-2 for RCT and ROBINS for non-RCT bias assessment","This is a special case, because it is a Bayesian one-stage IPD (individual participant data) MA, which means that no effect sizes were calculated on the study level. Therefore, the design matches to what we are looking for, but the analysis method is not matching.",,NULL,NULL,,,,"SN","2025-03-28 18:36:14","2025-04-25 15:10:04","0"
"11","18","change score",NULL,,"r = 0.5",,,,,NULL,NULL,,,,"TS","2025-03-31 09:07:30","2025-03-31 09:07:30","1"
"12","26","post-measures",NULL,"MD",,"&quot;given that the included studies were exclusively randomized, and any observed
differences at postintervention were theoretically attributed to the intervention itself.&quot;","only RCTs included, ROB-2 for bias assessment","study is very explicit in the choice of effect size method (though MD has to be inferred from the forest plot). As a surrogate if no post-scores are available, the MA uses change score values. This is extensively justified by an explanation, a reference to the Cochrane handbook, and to earlier articles using the combined approach. Generally, the justification of methods is very detailed.","(7 out of 13 from Fig. 2a)","post-measures",NULL,"MD (heterogeneous variances, as it is the default for most software)",,"This was very straightforward to recalculate.","SN","2025-04-18 11:05:09","2025-04-18 11:26:29","0"
"13","24","change score",NULL,"MD","unclear","for imputation of change score sd the authors say they used &quot;established methods&quot; referencing Wan et al. 2014 BMC Med Res Meth.","only RCTs included. ROB-2 and TESTEX for bias and quality assessment","may be difficult to recalculate as the authors write that they did not include forest plots of individual study effect sizes, because the many studies &quot;rendered the font [in the plots] illegible&quot;. Interestingly while searching for any study effect sizes for recalculation, I found that in the protocol for preregistration, the authors did explicitly state their imputation method (using r = 0.5). But since this has been written before the study and not after it (and is also difficult to find), I do not take this as an extraction result.","none","unclear",NULL,"unclear",,"I could not perform any recalculation, because the study does not provide any study-level effect sizes (e.g., forest plots). I searched the article, the supplements, and the OSF project, but could not find anything.","SN","2025-04-18 11:39:52","2025-04-18 11:49:45","0"
"14","25","post-measures",NULL,"MD",,"none","only RCTs or cluster-RCTs included. ROB-2 for bias assessment","sufficient reporting for this type of ES, but no justification given","Wolfenden et al. 2019 (45 out of 45 from Fig 2)","post-measures",NULL,"MD of post score (ith a variance estimator assuming homogeneous variances)",,"The target variable had to be recalculated because it was given in absolute instead of relative units, but this worked well given that the forest plot shows individual group means and sds. When using the standard MD (not assuming homogeneous variances), one CI bound was narrowly off (by 0.01%). Assuming homogeneous variances matched the result, but I am unsure if the authors did indeed not use the RevMan software default here. Also for these numbers, it is practically irrelevant.","SN","2025-04-18 11:59:30","2025-04-18 12:40:10","0"
"15","31","change score",NULL,"SMD or MD depending on whether different scales were used","r = 0.5","none","only RCTs included, TESTEX for bias assessment","That the effect size is change-score based is not totally explicitly written somewhere, but from the extraction section and the forest plot this is quite clear.","Arthur et al. 2007 (9 out of 16 in Fig 2a, because Yamasaki et al. 1985 (8 out of 16) could not be retrieved and also is in Japanese)","change score",NULL,"SMD (Hedges&#039; g) based on change scores and their standard deviations. Probably also assuming homogeneous variance and using a particular variance estimator (both RevMan defaults), but not possible to prove because different selections yield similar result.","r = 0.5","I could recalculate the ES and its CI, but only when ignoring different issues I regard as errors. By luck, this study was a special case indicated in the MA text, because it did not present post score sds. Regardless of this I could do the recalculation and found the following issues:
1. The percentage changes are taking as the change scores. This is problematic, because for their sds, the absolute scale is used
2. I think one percentage was incorrectly extracted (18% instead of 19%)
3. The group assignment of percentage changes is incorrect, so the effect is in the wrong direction.

The ES is reproducible when considering these errors, but it is wrong in its magnitude and direction (only its precision is correct).","SN","2025-04-18 12:49:57","2025-06-25 15:12:08","0"
"16","38","unclear",NULL,"MD or SMD depending on the scales",,"none","only RCTs included, ROB-2 for bias assessment","The text says: &quot;Effect sizes (ES) were calculated based on the change score (mean difference, MD) between experimental and control groups in post-measures to demonstrate the impact of exercise.&quot; I don&#039;t know if this means the used change scores or used post-measures. 

On another note, recalculation may be difficult as I do not see an individual study forest plot.","Sardeli et al. 2022 (2 out of 4 single studies in the aggregate first panel of Fig 2)","post-measures",NULL,"SMD of post scores (with Hedges&#039; correction)",,"Recalculation was challenging because no individual study forest plot exist. From the aggregated results forest plot, it was possible to take a single-study subgroup and determine which study was included. This made it possible to recalculate the ES. The forest plot incorrectly stated it displays MD, while it actually shows SMD.","SN","2025-04-18 14:30:46","2025-04-18 15:03:29","0"
"17","34","change score",NULL,"SMD with post-measure standardization and Hedges&#039; correction","not applicable","none","randomized and non-randomized studies included, ROB-2 for bias assessment","The text does not explicitly say &quot;change-score based&quot;, but it says that ES were calculated from pre- and post-scores using post-score standardization, which implies a change score based method.","Liu et al. 2022 (7 of 19 from Fig 4a)","change score",NULL,"SMD with Hedges&#039; correction and Borenstein variance estimator","not applicable","worked well, but I had to try out the different variance estimators, since the metafor and RevMan defaults did not work.","SN","2025-04-18 17:29:31","2025-04-18 17:46:21","0"
"18","39","change score",NULL,"SMD (Cohen&#039;s d, change-score based with post sd standardization)","none","reference to an earlier MA (Jülich), but this is not helpful, as Jülich has no pre-post design and does not provide details to their ES calculation methods (besides using Cohens&#039; d)","unclear, modified Downs &amp; Blacks scale for quality assessment","the point estimate for the ES is well described, but its unclear how its variance is computed. Typically this would also require a pre-post correlation.","Gorman &amp; Ferron 2009 (9 out of 19 from Fig. 2a)","change score",NULL,"SMD (change-score based with pre-sd standardization without bias correction). Variance calculation unclear, could only nearly reproduce ES point estimate","unclear","okay, difficult. First, because the MA forest plot does not report numbers, so individual study effects have to be extracted from the plot. Second, because all original research I reviewer also did not report numbers, but only figures, so again data has to be extracted from plots.

Overall I tried 3 studies (and skipped another). (1) was Gorman &amp; Ferron, I could not come anywhere close to the ES here. Also there were inconsistencies in the original work. I skipped the next one because the MA states it used two outcomes from it without telling how they were combined. (2) was Smeeton where may have gotten somewhere in the range of the target ES, but couldn&#039;t continue because the original data figure was missing clear information. (3) Murgia, I could get near the target ES using the methods described in the MA text, so given the inaccuracies of two plot extraction processes here, this could maybe be considered a successful reproduction. But I have no idea how the ES CI was calculated.","SN","2025-04-18 18:05:52","2025-04-18 19:44:19","0"
"19","40","change score",NULL,"MD of change scores (and change score sds)","r = 0.975-0.99 depending on the variable and based on the median values of one study that reported correlations","correlation imputation based on reported values in one study and similar to the values in earlier MAs of the same group that used the same procedure","only RCTs includede, ROB-2 for bias assessment","The correlation imputation section was very detailed and well-explained. 0.99 seems very high though. The authors state that they published all data and analysis code, this may make the recalculation easy.","Spillane et al. 2009 (12 out of 12 from Fig 2)","change score",NULL,"MD (not assuming homoscedasticity)","0.975 (in this instance, so exactly as the authors described it)","I could fully reproduce the ES, but only when I multiplied the control group sample size, mean, and sd by 1/2. I think this was done because there are two intervention group for this particular study (though not in the same forest plot) and the MA authors used this to account for potential double-counting). But then one should halve the sample size and definitely not also the mean and sd. This can (and in this instance does) highly bias ES towards exaggerating treatment effects. I found this out by looking at the data sheet the MA authors provided on the OSF, so providing data and code here proved to be extremely helpful. (On another note, the reference number was incorrect in the forest plot)","SN","2025-04-22 09:03:32","2025-04-22 09:56:02","0"
"20","50","unreported",NULL,"SMD (probably RevMan default, but unclear based on which values)",,"none","only RCTs included, ROB-2 for bias assessment","unclear for me if post- or change-score based. I lend towards post, but it is not described anywhere.","Jing et al. 2024 (3 out of 5 from Fig 3a; random number generator selected 2 [Bily et al.] but the Suppl S3 showed that the data was retrieved from author correspondence, so I used the next effect size for recalculation).","post-measures",NULL,"SMD based on post scores (with Hedges&#039; correction and RevMan variance estimator)",,"The study was in Chinese, but I could extract the data and reproduce the ES.","SN","2025-04-22 09:53:24","2025-04-29 14:44:01","0"
"21","49","change score",NULL,"SMD based on change scores and their sds (probably RevMan default)","reference to Behringer, but unclear what exactly","reference to Behringer for imputation. SMD to combine different scales.","RCTs and non-randomized studies included. PEDRO, ROB-2 and ROBINS for bias assessment.","I looked up the Behringer paper that is referenced: &quot;missing SD of changes from the baseline was imputed using a correlation coefficient, in which values from Behringer et al. (4) were used as reference&quot;. I could only find the following section that may be relevant: &quot;elative intraclass correlation coefficient (ICC) and absolute (SEM) test-retest reliability for baseline variables were as follows: MIF (ICC3.1 = 0.81 and SEM = 0.6 kN) and RFD (ICC3.1 = 0.85 and SEM = 2.6 kN$s21)&quot;","Kim et al 2016 (8 out of 8 from Fig 2, originally the random number generator took 7, Ferreira Jr. et al., but I could not retrieve the article so took the next ES).","change score",NULL,"SMD based on change scores and their sd (with Hedges&#039; correction and RevMan default variance estimator)","r = 0.84 for intervention and r = 0.87 for control","I used two other examples to validate the actual imputation method used. I tried to recalculate the imputation values from the referenced Behringer paper, but did not succeed.","SN","2025-04-22 10:40:03","2025-04-22 11:45:01","0"
"22","41","change score",NULL,"SMD of change scores (and their sds)","r = 0.5 if no change score sd was reported","SMD because outcome scales slightly differed. For the correlations, Higgins et al. 2003 is referenced, but the article does not deal with the topic. The two values 0.5 and 0.7 are used with reference to Rosenthal (r=0.7) and Follmann (r=0.5). The MA states that in case they were &quot;similar&quot;, r = 0.5 was chosen for the MA, and from Tab 1 it seems that in fact r = 0.5 was always used.","only RCTs included, PEDRO for bias assessment","The outcome data is in Tab 1, this should ease the recalculation","Jendricke et al. 2019 (2 out of 8 from Fig 2)","change score",NULL,"SMD of change scores (and change score sds), with Hedges&#039; correction, classic variance estimator","unclear","I could not exactly match the extracted numbers underlying the ES, probably because the MA authors had access to the raw data (from the same research group) and took values without rounding. When taking these values, I could reproduce the ES. (I also checked for another study that values were correctly extracted). I did not check the correlation imputation, as it was not necessary for the studies I looked at. The MA states it was actually only necessary for one study, but its Table 1 suggests that imputation was done for 3 studies. I looked at them but the data extraction seems non-trivial, so I did not formally test the imputation procedure. Also, the reference number in the forest plot was incorrect.","SN","2025-04-22 13:43:01","2025-04-22 14:57:43","0"
"23","47","unreported",NULL,"SMD, but unclear based on what (the abstract and Fig 3 reads as if it is change-score based, but no confirmation in the text)",,"none","randomized and non-randomized trials included, PEDRO for bias assessment","not much documented here in the text","Boff et al. 2019 (2 out of 3 from Fig 3a, because Fig 2 only deals with within-group changes)","change score",NULL,"SMD based on change-scores (and change score sd) with Hedges&#039; correction. Also variance estimator by Borenstein &amp; Hedges 2019 and t-distribution based CIs.","r = 0","I could fully reproduce the ES and CI but also after some digging and contacting the author of MedCalc. The software uses the vartype=2 estimator and t-distribution based CIs, which is both rather uncommon and undocumented in the software and also in this article.
Also, I tried to reproduce the imputation method, but only the third study tried (Alarcon-Gomez) did not report change score sd and thus needed imputation. The reproduced imputation (r=0) was noteworthy!","SN","2025-04-22 14:57:09","2025-04-22 18:07:14","0"
"24","43","unclear",NULL,"MD, but unclear based on what, maybe change score",,"none","only RCTs included","this is an umbrella review, but has a dedicated MA of RCTs. The effect size calculation method is very confusing: &quot;The absolute change in mean difference and standard deviation
of the outcome value from postintervention between groups (interval training versus MICT/CON) in each study was calculated&quot;. This could be both change-score based or post-score based. Maybe also change score with post score sd standardization?","Ballin et al. 2019 (18 out of 35 from Fig. 3)","post-measures",NULL,"MD (variance homogeneity is unclear, because sample sized were equal in the example)",,"straightforward, but I find the caption of the forest plot misleading, as it states &quot;body fat percent reduction&quot;","SN","2025-04-22 16:00:56","2025-04-22 16:13:40","0"
"25","42","unclear",NULL,,"n/a",,,"This study does not formally have a group comparison. Analyses are performed within groups, including studies that had no comparison group. So the research design may not fully correspond to what we are looking for. There are two possible ways to deal with this: 
(1) exclude the study because it does not exactly match the design we are looking for
(2) include the study because the abstract suggests a design that does match our criteria and only the analysis method was not corresponding and should be treated as a special case.",,NULL,NULL,,,,"SN","2025-04-22 16:21:24","2025-04-28 16:39:14","0"
"26","45","unclear",NULL,"SMD (but unclear based on what, maybe post score)",,"none","unclear, modified own scale for quality assessment","The methods section presents an SMD formula that is very basic. An interesting find is that the CIs are reportedly based on a t-distribution (instead of the typical z-distribution)","Berton et al 2022 (3 out of 24 from Fig 2)","unclear",NULL,"unclear",,"Frankly, I have no idea how the ES were calculated. The confidence intervals seem way to small. I tried change-score and post score based methods for three examples. Post-score seems more promising to me, but again I could not recalculate the ES.","SN","2025-04-22 16:27:38","2025-04-22 18:00:18","0"
"27","32","unclear",NULL,"SMD (Hedges&#039; g), more details are available in Sup. 9. Unclear if change or post-score based, but definitely a form of within group analysis (due to the crossover design). Imputation is based on average correlations for the same outcome, or if not available r = 0.5.",,"imputation based on previous published (and unpublished) data, link to Cochrane handbook for ES calculation","only RCTs included, ROB-2 for bias assessment","Suppl S9 is very detailed. The procedures follow the standard for crossover (so within group analysis), but some formula are confusing. For example the hedges ES is actually not corrected, but simple Cohen&#039;s d. 
The analyzed studies are cross-over trial, which influences the choice of ES method.
The study has published raw data and code, which should help during the recalculation.","Carter et al. 2018 (1 out of 7 from Fig S1), condition 2x8min","post-measures",NULL,"SMD based on within-group comparisons (with [possibly incorrect] bias corrected variance but not ES). Correlation imputation based on average values for all included studies (though study level results were available).",,"Using the published data and code I could recalculate the ES with CI (otherwise it would be challenging even with the detailed Sup S9). Some things were noteworthy:
1. The MA uses imputed mean correlations for calculating the study level effect size, even if the study has correlation data available
2. within-condition pre-post correlations are computed, but in the analysis they are treated as between-condition post correlations.
3. There was a small data extraction error for the SD_change, extracting 1.6 instead of 1.8. This changed the imputed correlation, but had no impact on the result, because:
4. There was an error in the Excel reference for the recalculated study, using the mean correlation for the wrong outcome measure for the variance calculation (for &#039;Cerebrovascular conductance&#039; instead of &#039;Cerebral blood flow velocity&#039;, which is 0.69 instead of 0.72)
5. For the ES point estimate, the data sheet and MA report to use Hedges&#039; g, but it is incorrectly calculated as a simple SMD without correction using the pooled sd as standardizer. So in fact this is Cohen&#039;s d and for equal n the exact same value as the ES the data sheet reports as uncorrected (which uses average sd instead of pooled sd)
6. Also the correction procedure for the ES variance does not match the ES variance calculation. The variance calculation assumes a repeated measure design (so df=n-1), but the correction formula uses df=n1+n2-2).

So there are a lot of small issues going on here. And most of them could only be identified because the raw data and code was available.

I tried to recalculate the study level effect size by using the correct (mean) study correlation and fully using the appropriate Hedges&#039; correction (so in fact trying to fix the points (1,3,5,6) above:
old ES: 0.32 [-0.08, 0.71]
new ES: 0.29 [-0.10, 0.70]

So in this particular single-study case, it does not make a substantial difference.","SN","2025-04-22 18:40:22","2025-04-28 16:28:41","0"
"28","28","unclear",NULL,"MD, possibly a combination of post- and change-score: &quot;we extracted means and
SDs of postintervention measurement or change-from-baseline outcomes value&quot;",,"none","only RCTs included, ROB-2 for bias assessment","This is a network-MA, so there are no direct group comparisons for recalculation. Also, the design may not be perfectly suitable for out research question. So we have to consider (maybe after looking at other network-MA) if we included this without recalculation possible, or if we completely exclude it from the analysis.",,NULL,NULL,,,"Network-MA, so recalculation of individual study ES is not possible","SN","2025-04-23 09:27:41","2025-04-23 09:50:00","0"
"29","36","change score",NULL,"SMD of change score with raw score standardization (Morris)","informative Gaussian prior centered at r = 0.85 : &quot;Therefore, primary data obtained
from relevant studies (including those produced in the laboratories of the study team) were used to develop informative priors to model within study variances (Gaussian prior centred at r = 0.85 and range from approximately 0.70–0.99)&quot;","reference to Morris","only RCTs included, ROB-2 for bias assessment","It&#039;s unclear which of the Morris types was used. Also if the priors for r were only part of the variance estimation in the Bayesian MA, or also for the (non-MA) ES calculation for all studies. ES are shown as distributions under a Bayesian framework, so it is not possible to recalculate, since also no code and data for individual study ES is presented.",,NULL,NULL,,,"Bayesian MA, so individual ES recalculation is not possible here.","SN","2025-04-23 09:48:57","2025-04-23 09:48:57","0"
"30","29","change score",NULL,"SMD based on change scores","unclear","none","(cluster) RCTs and quasi-experimental studies included, ROB-2 for bias assessment","We here only deal with the continuous outcome MA, not with the incidence of concussions. There is no phrase that explicitly states &quot;the ES is change score based&quot;, but from the methods section this is very obvious.","Attwood et al. 2022 (1 out of 20 from Fig 2)","change score",NULL,"SMD (Hedges&#039; g based on change scores and their sd, RevMan variance estimator)","unclear","Difficult one. By taking the mean and sd values from the forest plot I could fully reproduce the ES + CI. But I could not reproduce the mean and sd in the forest plot. This may be in part because a composite score of different variables has to be calculated for this. But I tried a lot (for two studies) and could barely recalculate one mean values (from 4) and no SD. So I could also not determine the imputation method.","SN","2025-04-23 09:59:30","2025-04-23 12:10:12","0"
"31","22","change score",NULL,"SMD based on change scores","r = 0.5","reference to Follmann 1992 for imputation","only RCTs included, ROB-2 for bias assessment","seems like most included trials are crossover-RCTs. Change-score based is not totally clear here, but it reads like &quot;changes in gene expression&quot; were compared.","Hammond et al. 2019 (4 out of 12 from Fig 3A)","unclear",NULL,"unclear",,"I could not reproduce the effect sizes. This may be because I had to extract data from plots, which comes with some uncertainties. I tried to studies but could not match the ES, and as no more data or methods are given in the article (e.g., no study level summary measure) it is hard to determine if the data extraction or the effect size calculation is the problem. In other words, it is not possible for me to recalculate the ES.","SN","2025-04-23 12:19:28","2025-04-23 13:49:49","0"
"32","21","post-measures",NULL,"Unclear, possibly MD. But surely post-measure based.",,"none","only RCTs included, ROB(-1) for bias assessment","recalculation may be challenging, because the article text and supplemental material does not present forest plots showing individual studies. However Table S1 shows the results of pairwise comparisons and some of them are n=1.
The text says mean difference, but also uses Cohen for ES classification, which is only suitable for SMDs.","Banitalebi et al. 2019 (10 out of 13 in Tab S1, counting all n=1 cases from top to bottom, then figuring out the only matching study of interest). The random number generator said 12 before, which was also Banitalebi, but contrary to the MA Tab 3 they did","post-measures",NULL,"MD of post scores",,"determining the target ES was challenging because I had to infer individual ES from aggregated forest plots and also there may be some problems in the categorization of studies in the MA.","SN","2025-04-24 18:57:45","2025-04-24 19:54:10","0"
"33","19","change score",NULL,"not applicable","not applicable","na","only RCTs included, ROB-2 for bias assessment","This is a pharmacodynamic model-based MA. I would say, the design matches the inclusion criteria, but the analysis method does not.",,NULL,NULL,,,,"SN","2025-04-25 15:28:12","2025-04-25 15:28:12","0"
"34","35","change score",NULL,"na","na","na","only RCTs included, ROB(-1) for bias assessment","This MA deals with the variability of effects, not with the effects themselves. So the design matches the inclusion criteria, but the analysis does not.",,NULL,NULL,,,,"SN","2025-04-25 15:33:25","2025-04-25 15:37:26","0"
"35","51","change score",NULL,"MD based on change scores and their sd","unreported","none","only RCTs included, ROB(-1) for bias assessment",,"Li et al. 2020 (19 out of 27 from Fig. 3a, random number generator said 16, but this and the following studies could not be retrieved)","change score",NULL,"MD based on change scores and their sd","r = 0.5","I had troubles retrieving the original research studies underlying the MA. The first I could retrieve had raw data available, from which I could calculate the group means in the forest plot, but not the group sds. So there may be a data extraction error. Using the means and sds from the forest plot I could reproduce the ES. For the second study I could receive I had another issue, as I could match the mean and sd of the intervention but not the control group (so maybe another extraction error). For the third study everything worked, when imputing a pre-post correlation of r = 0.5.","SN","2025-04-28 16:59:45","2025-04-30 13:50:05","0"
"36","52","unreported",NULL,"SMD",,"none","only randomized studies included, RoB-2 for bias assessment","It is not clear to me how the ES for the group comparison are constructed. The MA also includes within group analyses, but these are not of interest for us.","Yoshimoto et al. 2016 (18 out of 22 from Fig 4)","change score",NULL,"SMD (Hedges&#039; g) based on change scores and their SD (RevMan default for variance estimation)","unclear","I could not determine the imputation procedure. Using the means and sds from the forest plot, I could recalculate the ES and its CI.","SN","2025-05-05 11:49:16","2025-05-05 12:51:52","0"
"37","53","unreported",NULL,"SMD",,"SMD (instead of MD) because studies used different measurement scales","only RCTs included, PEDRO for bias assessment","Recalculation may be challenging, because individual study effect sized have to be extracted from the forest plot","Stergioulas et al. 2008 (2 out of 5 from Fig. 2)","unclear",NULL,"unclear",,"I could not recalculate the ES, because of a lack of available information. Study-level ES and their CI are only visually presented in a forest plot without any further information. I tried different studies, but often the recalculation was additionally complicated because it was unclear which time point and outcome measure was used for the MA.","SN","2025-05-05 12:37:08","2025-05-05 16:10:17","0"
"38","55","unreported",NULL,"SMD",,"none","RCTs and CTs included, PEDro for bias assessment","I could not locate any detailed information on the effect size calculation procedure.","Sermaxhaj et al. 2021 (75 out of 85 from Fig. 3)","unclear",NULL,"unclear",,"Might be only within groups, might be change score based. I reproduced one ES estimate by using a SMD of change scores standardized by pre-sds, but the same method did not work for the other cases, so it might have been by chance. The numbers for the CIs are not given in the forest plots and the quality is too low to extract them from the visual elements. But an earlier MA of the same group used the same ES and provided z-values, which could be back-calculated to SEs and thus CIs. I tried this for the one ES where I got a match for the point estimate, but could not reproduce the CI. Overall I can&#039;t tell what methods the MA use to determine the ES.","SN","2025-05-05 16:16:54","2025-05-15 12:19:33","0"
"39","56","change score",NULL,"the mean difference (MD) after an exercise-based intervention compared with baseline values relative to the control condition","r=0.85","No justification for Effect size method. 
Imputation method according to Wewege &amp; Jones (2021)","Cochrane Risk of Bias assessment tool","Double counting of control groups","2 - Hviid (2019, b) - Hviid, J.-C., Thorlund, J. B., &amp; Vaegter, H. B. (2019). Walking increases pain
tolerance in humans: An experimental cross-over study.","change score",NULL,"Mean difference based on change scores worked out for the values from the MA.","unclear- in Hviid 2019, SD of difference was provided.","It is not clear, which data is actually used for Hviid, 2019b. I was not able to find the exact values that are stated in MA.","TS","2025-05-14 17:34:16","2025-05-15 08:33:37","0"
"40","58","unclear",NULL,"SMD (Hedges&#039; g) or MD",,"SMD for variables measured on different scales, MD for variables measured on the same scale","randomized and non-randomized trials included, ROB-2 and ROBINS-I for bias assessment.","Some things are not clear from the text: The authors report to use MD for some outcomes, but the text and the forest plot also state that SMD were used for all outcomes. Also the text is not clear about which means and sds were used for the ES calculation, though the forest plots suggest that a change-score based method was used.","Stöggl et al. 2014c (1 out of 13 from Fig 4)","change score",NULL,"SMD based on change scores and their sds (Hedges&#039; g, vartype=3)","none","I have reanalyzed this MA before. I could reproduce the ES and its CI as a SMD based on change scores and their sds, but the sds were calculated based on pre and post sds without imputation a pre-post correlation using an incorrect procedure instead. I could determine this procedure only after contacting the authors. Without author contact, I would not have been able to reproduce the ES.","SN","2025-05-15 11:48:09","2025-05-15 12:22:11","0"
"41","61","change score",NULL,"SMD based on change scores and their sd (MD for same scales)","r = 0.7","r = 0.7 as a conservative estimation, sensitivity analyses for r = 0.2 and r = 0.5 performed.","only RCTs included, TESTEX for bias assessment","In general well-reported, recalculation may be difficult because the article text does not provide a forest plot. The article reports that from the 5 significant analyses, only 1 remains significant in the sensitivity analysis (Tab. 4), but it is unclear which of the two sensitivity analyses performed was meant (different imputed r or the exclusion of a single studies). It is interesting that the authors consider their imputed value of 0.7 as &quot;conservative&quot;.","Opdenacker et al. 2011 (9 out of 10 from Fig S1)","change score",NULL,"SMD based on change scores and their SD","r = 0.7","I could not reproduce the first ES, unclear why. When I tried the second, everything worked. It is unclear whether the Hedges&#039; correction was applied, because the sample size of the study was to large to make it relevant.","SN","2025-05-15 12:30:53","2025-05-15 13:20:14","0"
"42","62","unclear",NULL,"SMD with Hedges&#039; correction",,"Between group comparison is justified by referencing Cuipers. Borenstein is referenced for the use of Hedges&#039; correction to deal with small samples in sports science (reference to Abt).","randomized and non-randomized controlled trials included, PEDro for bias assessment","For me it is not clear whether post or change scores were used for the ES calculation. The article does not present forest plots of individual studies, which may complicate the recalculation.",,"unclear",NULL,,,"No individual study level effect sizes are available, so it is not possible to perform a recalculation.","SN","2025-05-15 14:47:17","2025-05-15 14:47:17","0"
"43","63","change score",NULL,"SMD based on change scores","r = 0.630","correlation informed from previous studies of the effect of exercise on cognition in children (Ortega et al. 2022).","only RCTs included, PEDro for bias assessment",,"Shen et al. 2020 (6 out of 7 from Fig S1)","change score",NULL,"SMD based on change scores and their sd, without Hedges&#039; correction","r = 0.630","perfect recalculation match with the first try","SN","2025-05-15 15:06:14","2025-05-15 15:22:44","0"
"44","64","unreported",NULL,"MD",,"none","randomized and non-randomized controlled trials included, ROB-2 for bias assessment","for me it is unclear whether the calculated MD is based on the post or on the change scores. I suppose it is change-score based, but this is not written anywhere in the text.","Thomas &amp; Burns 2016 (13 out of 14 from Fig. 3A)","change score",NULL,"MD based on change scores and their sd","r = 0","Straightforward recalculation, I had to use a second study to determine the imputation procedure, because the first reported change score sds","SN","2025-05-16 08:17:49","2025-05-16 08:43:32","0"
"45","65","change score",NULL,"SMD","unclear","none","only RCTs included, ROB(-I) for bias assessment","This is a network-MA, so it is not totally clear if our analysis methods are applicable here. S6 presents some forest plots of direct comparisons, so they may be useful for recalculation (however they present no numbers)","Yoon et al. 2018 (13 out of 13 from Fig S6 upper left column)","change score",NULL,"SMD (with Hedges&#039; correction) based on change scores and their sd","r = 0.5","The study for recalculation taken from the forest plot could not be found in the references of the article or the supplementary materials but had to be found from the available information using web search. The ES data had to be extracted from the forest plot. Match was not perfect, but I think this is because of the uncertainty in the extraction process.","SN","2025-05-16 09:55:27","2025-05-16 10:16:29","0"
"46","68","change score",NULL,"MD based on change scores","unclear","none","only RCTs included, ROB-2 for bias assessment",,"Winding et al. 2018 (13 out of 13 from Fig 3a)","change score",NULL,"MD based on change scores and their sd","r = 0.5","Worked perfectly","SN","2025-05-16 10:21:52","2025-05-16 10:34:35","0"
"47","75","change score",NULL,"MD of change scores","not specified (&quot;Using a correlation coefficient from previous studies&quot;)","Reference to cochrane for using previous studies for correlation imputation (but no reference to these previous studies or mentioning of the parameter value)","only RCTs included, ROB-2 for bias assessment","The text implies the use of a change-score based ES, though this is not explicitly written anywhere. The MA uses a Bayesian network MA which may be impossible to use for recalculation. But to me it seems that there is also a (&quot;traditional&quot;) pairwise MA in the article, which would fit our analysis design and could be used for reanalysis.",,NULL,NULL,,,"While pairwise MA are part of the article, the study level outcomes of these (e.g., forest plots with individual study ES) are not part of the article or the supplemental material. Thus, it is not possible to perform a recalculation.","SN","2025-05-16 10:43:12","2025-05-16 10:51:31","0"
"48","79","change score",NULL,"MD based on change scores and their sd","unclear (&quot;a correlation coefficient from one study was calculated to impute the SD&quot;)","reference to Cochrane for using previous study for correlation imputation","only RCTs included, ROB-2 for bias assessment","MD is not explicitly written in the methods, but in all plots and the results.","Yilmaz Gokmen et al. 2019 (5 out of 6 from Fig 2A)","change score",NULL,"MD based on change scores and their sd","r = 0.5","There was a small data extraction error for one variable in the recalculated ES (mean change in CON was 2.32 but reported as 2.68). The imputed correlation was 0.5, which is interesting as the authors said they used a correlation informed from previous studies.","SN","2025-05-16 10:57:22","2025-05-16 11:13:39","0"
"49","80","change score",NULL,"SMD or MD based on change scores","none","SMD or MD based on whether the same scale was used for the outcomes","randomized and non-randomized controlled trials included, JBI Critical Appraisal Checklist for Randomized Controlled Trials &amp; JBI Critical Appraisal Checklist for Non-Randomized Controlled Trials for bias assessment",,"Rawson et al. 2019 (3 out of 3 from Fig 2a)","change score",NULL,"MD based on change scores","unclear","The MA appears to have extracted the data from the study selected for recalculation using figures, although the study presents numbers in the supplemental materials. There also appears one data extraction error (wrong sign of mean change score). When using the other studies of the forest plot instead, I could recalculate the mean change scores presented in the forest plot, but not the change score sd. The MA authors may have used an unusual procedure for calculation, I tried different things but my sd estimates were all off; the presented change score sd is very small. Taking the values from the forest plot I could recalculate the ES and CI. Also the MA mixes different measures, e.g., for two studies it takes the PDQ-39 total score (no subscales reported), but for another it takes a subscale (despite also total reported).","SN","2025-05-16 11:25:57","2025-05-16 12:19:42","0"
"50","85","post-measures",NULL,"MD of post scores (but depending on the measure change scores were used instead)",,"post score or change score depending on the availability of data","for the MA only RCTs were included, ROB-2 for bias assessment in RCTs","For the outcomes VO2max and shuttle run performance, post-score based ES were used (see caption of Fig 2,3). For resting heart rate, change-score based ES were used. I categorized the MA as &quot;post-score based&quot;, since most analyses, the analysis for the primary outcome, and most individual studies were analyzed using post scores.","Zhou et al. 2019 [SPE + ASE] (5 out of 5 from Fig. 2)","post-measures",NULL,"MD of post scores",,"The particular study used for recalculation had one issue and one extraction error: The issue was that they did not report post values, but only pre and change means and sds. The MA used the calculated post means with the pre sd, which is only appropriate under additional assumptions. The error in data extraction was that the MA reported a sample size of 180 for CON, but the actual sample size was 168.","SN","2025-05-16 14:09:59","2025-05-16 14:32:49","0"
"51","86","unclear",NULL,"SMD with Hedges&#039; correction",,"Between group comparison is justified by referencing Cuipers. Borenstein is referenced for the use of Hedges correction to deal with small samples in sports science (reference to Abt).","randomized and non-randomized controlled studies included, PEDro for bias assessment","For me it is not clear whether post or change score values were used for the ES calculation.","Kelly et al. 2008 (2 out of 5 from Fig2 that are based on one ES)","change score",NULL,"SMD with Hedges&#039; g based on changes scores","unclear","It was not possible to get a matching reproduction, this may be in part because the ES data is only visually presented in the forest plot and had to be manually extracted. For 2 out of the 3 studies I tried to recalculate, I got almost perfectly the ES and with a slight deviation the CI when using SMD based on change scores and their sd imputed with r=0.5. For the other study (2) I did not get anywhere to the ES depicted in the forest plot. For one study (3) there was a minor data extraction error, with INT pre sd in MA as 3.1 but originally 3.2. For one study (1) there was an error in the original data presentation, because the mean change in INT did not match the difference of means. Overall, I could not really recalculate the ES, but this may be in part explained by the fact that the ES values had to be extracted.","SN","2025-05-16 15:11:58","2025-05-16 16:10:04","0"
"52","87","unclear",NULL,"SMD (Hedges&#039; g) and MD",,"SMD if different scales are used, otherwise MD","only RCTs included, PEDro scale for bias assessment","It is unclear whether the MA uses post or change score. To me it rather seems like change scores we used, but it is not clear from reading.","Van Puymbroeck et al. 2018 (7 out of 11 from Supplemental Materials Forest Plot for Analysis 1.1)","post-measures",NULL,"SMD (Hedges&#039; g with default RevMan variance estimator) based on post scores and their sd",,"Perfect match when using the values rounded to one decimal. The original study provided values rounded to two decimals, when these are used for the calculation, the ES and CI is minimally off.","SN","2025-05-22 16:22:53","2025-05-22 16:39:53","0"
"53","89","change score",NULL,"SMD (Hedges&#039; g) probably based on change scores","r = 0.7","reference to Hedges for SMD, reference to Rosenthal for imputation.","possibly randomized and non-randomized trials included (but this is not stated), PEDro for bias assessment","The authors do not explicitly mention that they used change scores for their ES. But they report to impute a correlation, which implies the use of change scores. Also for one MA the authors use combined ES, i.e., they combine the ES of multiple outcomes to one single ES for the study. I&#039;ll use the second MA instead for the recalculation, because it focuses only on one outcome (VO2max).","Portal et al. 2011 (7 out of 9 from Fig 4A)","unclear",NULL,"possibly change-score based, but could not recalculate",,"I tried four studies but could not recalculate any ES. The nearest I got was with the Morris method, but only one almost perfect match for ES (CI near). I don&#039;t know what the issue is.","SN","2025-05-23 12:50:33","2025-05-23 13:46:58","0"
"54","90","change score",NULL,"SMD based on change scores","r = 0.5","link to Cochrane for the imputation formula to convert pre-post correlation to change score sd","only RCTs included, ROB-2 for bias assessment","the main focus of the article is a moderator analysis (a meta-regression). However, the article also has classic MAs comparing two groups. For many included studies more than one outcome is reported, so we have to see what data we can use for the recalculation.","Kraemer et al. 2001 (24 out of 57 from Fig 4), but later used Kraemer et al. 2004 instead because data was presented in a table","change score",NULL,"SMD (Hedges&#039; g) based on change scores and their standard deviation.","r = 0.5","I had to use another study for recalculation that reported the parameters in a table. I could perfectly reproduce the imputation procedure, ES, and CI, but the MA authors mistook the ES var for the ES SE (I believe for all ES in the MA). This leads to overly narrow CIs, since var(ES) &lt; SE(ES) for var(ES) &lt; 1.","SN","2025-05-23 18:46:20","2025-05-23 19:41:24","0"
"55","92","change score",NULL,"SMD (Hedges&#039; g) probably based on change scores","unclear","none","randomized and non-randomized controlled trials included, ROB-2 and TesTex for bias assessment","change score SMD is not explicitly written, but the article says &quot;Preintervention and postintervention mean &amp; SDs for a given outcome from the intervention and control groups were converted to Hedges’ g ES.&quot; which implies it.","(8 out of 10 from Fig 3)","unclear",NULL,"possibly SMD based on change scores",,"I could not reproduce the ES calculation method (although I could verify that the data extracted from the original studies was correct).","SN","2025-05-27 10:34:02","2025-05-28 09:53:13","0"
"56","95","unclear",NULL,"Post score based and change score based",,"Reference to Cochrane Handbook that post scores and change scores would be the same on average . No imputation method was reported.","only RCTs included","Mean difference is used for angle measurements,  SMD is used for ground reaction forces. 
I am not sure, if change scores and post scores  were dealt separately in subgroups.","Study 4 of 7 - McCurdy et al 2012  SL DVJ (Forest Plot, Suppl. Fig. S1)","post-measures",NULL,"Mean difference of post scores, no variance homogeneity",,"The study (McCurdy et al) mentioned that only 27 participants took part, but it is not transparent in which group there were drop outs. Therefore, I used the number of participants that were given in the abstract of the study.","TS","2025-05-30 21:50:14","2025-05-31 11:46:35","0"
"57","96","change score",NULL,"SMD with 95% CI, based on change scores","r=0.5","According to Cochrane Handbook guidelines","RCTs as an inclusion criterium, Cochrane Risk of Bias Tool used","Network Meta Analysis - did not report individual ES","not applicable as there is no individual study data",NULL,NULL,"-",,"-","TS","2025-06-08 20:33:41","2025-06-08 21:07:07","0"
"58","101","change score",NULL,"Based on Change score with post score SD as Standardizer + Hedges g correction","Based on post score SD","none","Risk of bias was evaluated via visual inspection of funnel plots","forest plots seems to include double counting of control groups","Negra et al. (2020) - (18 of 21, Figure 2)","change score",NULL,"As reported: Based on Change score with post score SD as Standardizer + Hedges g correction","post score SDs used","I assume the reported method was used, although I was unable to recalculate the exact values due to rounding errors.","TS","2025-06-09 10:21:30","2025-06-09 11:02:47","0"
"59","102","change score",NULL,"SMD with Hedges&#039; correction based on change scores and their sd.","unclear","link to Cochrane handbook","unclear, possibly randomized and non-randomized controlled trials included, ROB(-1) and PEDRO for bias assessment.",,"Spinks et al. 2007 (14 out of 16 from Fig 2)","change score",NULL,"SMD with Hedges&#039; correction based on change scores and change score sds","r = 0","Some original studies required transformation of the data from velocity to time. I could reproduce the transformation procedure for means only but not for the sd. Given the data from the within study analysis and using a study that originally reported data as time, I could verify the imputation procedure as r = 0 (which means sd_d = sqrt(sd_pre^2+sd_post^2).","SN","2025-06-16 13:55:27","2025-06-17 16:09:16","0"
"60","104","unclear",NULL,"SMD with Hedges&#039; correction",,"reference to the RevMan5 manual","randomized and non-randomized controlled trials included, but excluding trials that had significant baseline differences in the outcome measure. ROB(-1) for bias assessment.","The forest plots imply that post scores were used for the effect size calculation, but this is not stated in the main text or figure captions. The MA has open data and code.","Mikkola et al. 2012 (4 out of 21 from Fig. 3)","post-measures",NULL,"SMD (with Hedges&#039; correction and RevMan var estimator) based on post scores",,,"SN","2025-06-20 12:46:57","2025-06-20 13:16:01","0"
"61","105","unclear",NULL,"SMD (Hedges&#039; g) based on either change scores and their sd (for crossover trials, MA IV and V) or probably on post scores (MA I-III)","r = 0.5","reference to Hedges 1985","randomized and non-randomized controlled trials included, own tool for assessment of bias (which includes an item for randomization)","I hear use the MA I-III for further analysis, because they deal with the exact study design of interest. For the change score based MA, a imputed correlation of 0.5 is reported. Sensitivity analyses using only randomized studies and using different pre-post correlations (0.2, 0.8) are available (interestingly also for the MA that did not use imputation at all!?). Data and code available.","Thelwell &amp; Maynard 2003 (10 out of 11 from Fig 2)","post-measures",NULL,"SMD (Hedges&#039; correction)",,"could not reproduce CI for the ES, I think this is because of the clustering in the multi-level model. When I checked two ES for studies with only one outcome measure included, I could fully reproduce the ES with its CI.","SN","2025-06-20 13:28:59","2025-06-20 14:19:46","0"
"62","107","change score",NULL,"SMD (with Hedges&#039; correction) based on change scores using raw score standardization","r = 0.5","references to Berkey et al. 1998 and Morris 2008","randomization unclear, but from the topic I assume that only non-randomized studies were included, TESTEX for bias assessment, but items regarding randomization were not considered.","The procedure described matches the ppc1 approach by Morris 2008 with a variance estimator from Becker 1988 (as outlined in the metafor tutorial). The MA has open data and code, which will certainly help during recalculation.","Romance et al. 2019 (3 out of 6 from Fig 2), initially the random number generator picked 4 (Dalgaard et al. 2022), but the study had multiple outcome measures included in the MA, so I chose the next with only a single outcome measure included.","change score",NULL,"SMD (with Hedges&#039; correction) with raw (= pre) score standardization (Morris ppc1 approach with Becker 1988 variance estimator).","r = 0.7","Contrary to the reporting, the MA used a correlation of 0.7 instead of 0.5 for imputation, as evidenced in the published analysis script and validated during the successful recalculation. The","SN","2025-06-20 14:48:10","2025-06-20 15:25:32","0"
"63","109","post-measures",NULL,"outcome measurements were evaluated by using the standardized mean difference (SMD). Hedges’ g was used to account for small sample size bias.",,"reference to Cochrane handbook for systematic reviews of interventions; 2021, when SMD was explained","Risk of Bias 2.0 Tool",,"Study 8 of 12 - Kirchenberger et al. (2021)","post-measures",NULL,"SMD, Hedges correction, based on post scores",,"recalculation succeeded as reported in the meta analysis","TS","2025-06-22 08:49:47","2025-06-22 09:26:06","0"
"64","113","change score",NULL,"SMD (with Hedges&#039; correction) as a standardized difference between within-group SMD, which are defined as mean-differences standardized by the pooled standard deviation (bias-corrected).","none","none","probably only RCTs included, ROB-2 for bias assessment","the MA provides detailed formulas for the ES point estimates, but there are some uncertainties in these.","Sinclair et al 2021 (20 out of 24 from Fig 3)","change score",NULL,"SMD based on change scores and the pooled pre-post SD","none","The ES calculation does treat the pre-post measurement as if they were independent groups, thus no correlation is imputed. The ES formula given in the MA text are incorrect.","SN","2025-06-23 10:19:50","2025-06-23 10:58:16","0"
"65","117","change score",NULL,"MD based on percentage changes and their sds","none, since all studies reported a measure of the variability of change","none","randomized and non-randomized controlled trials included, ROB(-1) for bias assessment","The article reports a second type of MA, investigating bone turnover markers using a SMD approach, but since this analysis is not reported in the abstract and its forest plots are online available in the supplementary material, this data extraction focuses on the primary MA.","(12 out of 16 from Fig 2)","change score",NULL,"MD of percentage change scores and their sd","none, because all studies reported sd or se of change (or related measures)","I checked for several studies that measures for the spread of change scores were indeed reported. The reporting of percentage change (+ variance) seems to be standard in this particular field (bone mineral density research). The recalculation was based on data extracted from a plot, so I got no perfect recalculation match.","SN","2025-06-23 13:10:57","2025-06-23 13:58:13","0"
"66","119","unclear",NULL,"SMD, possibly comparing the post scores of both groups/conditions",,"none, reference to an online calculator (which, among others, provides methods to calculate Hedges&#039; g effect sizes for paired t-tests).","unclear, although this was not a criterion all included studies had a cross-over design. PEDRO for bias assessment","crossover design for all included studies.","Cochrane 2013 (2 out of 19 from Fig 2)","post-measures",NULL,"SMD (with Hedges&#039; correction) of post scores for repeated measurements (but using the d_repeated measures method, which has the sd of difference scores as the denominator and the standardizer 2*sqrt(1-r)). Possibly r = 0.5 for the repeated measures correlation, CI calculation unclear.",,"I could reproduce the ES points estimates when using the method described above. This is only valid because the study designs were all cross-over. I am quite sure that r is equal to or near 0.5 but cannot validate this, as I could not fully reproduce the CIs. When I use the SE given in the forest plot I could reproduce the CI given in the forest plot. But I don&#039;t know how to get the SE in the forest plot from the results of the online calculator the MA authors used.","SN","2025-06-23 14:00:46","2025-06-24 10:50:08","0"
"67","120","post-measures",NULL,"SMD based on post scores and their SD",,"none","only RCTs included, ROB(-1) for bias assessment","In some parts the text also mentioned change scores, but overall it appeared quite clear to me that the chosen approach is based on post-scores.","Asadi et al. 2017 (7 out of 28 from Fig 4)","post-measures",NULL,"SMD (with Hedges&#039; correction) of post scores and their sds, using the RevMan variance estimator",,"double counting of studies","SN","2025-06-24 10:59:41","2025-06-24 15:00:51","0"
"68","122","post-measures",NULL,"SMD of post scores",,"none","only RCTs included, MMAT for bias assessment","only aggregated findings are presented in the forest plots","Persoon et al. 2017  (2 out of 2 from the aggregated findings in forest plot S6 that have only one intervention arm)","post-measures",NULL,"SMD (with Hedges&#039; correction) of post scores and their sds",,"Only aggregated findings were presented in forest plots, so I had to select a subgroup that aggregated only one study. For the ES calculation, the MA used the baseline sample size instead of the actual post score sample size, which lead to minor discrepancies in the CI but not the ES point estimate.","SN","2025-06-24 14:55:45","2025-06-25 09:42:11","0"
"69","126","change score",NULL,"SMD based on change scores, with post score SD ? 
&quot;pre- to post-intervention data indexation methodology, ... the standard deviation (post-intervention only) was entered as a percentage of the absolute mean&quot;","post score SD ?","none","PEDro scale for RoB assessment","forest plot does not include exact values -see supplementary material.","15 of 17 - Contreras (2017)","change score",NULL,"SMD calculated with percentual change from pre to post. It was not like in MA stated that they used for improvement 104%, they used 4% instead. SMD calculated with post score SD (in % to mean post score value)","standardised by post score SD","the supplemental material also stated values of 103,4% etc even they used just 3,4% and so on ... 
Furthermore, they were small rounding/ calculation errors","TS","2025-06-25 08:59:50","2025-06-25 09:23:55","0"
"70","128","change score",NULL,"SMD (with Hedges&#039; correction) based on change scores standardized by pre sd","unclear","reference to Diaz 2011 and Hedges &amp; Olkin 1985","RCT and non-RCT included, ROB(-1) for bias assessment","This is a Bayesian Model Based Network MA with time-course and dose-response analysis. The text presents how ES were calculated, but no individual ES are shown in the article or supplemental information, so no recalculation can be performed. The public repository that should contain data and code for the study is empty.",,NULL,NULL,,,,"SN","2025-06-25 09:57:48","2025-06-25 10:23:04","0"
"71","129","change score",NULL,"SMD (with Hedges&#039; correction) based on change scores standardized by pooled pre sd (i.e., Morris ppc2 approach), but with a variance estimation for two independent groups (Borenstei &amp; Hedges formula)","none","reference to an earlier MA (Behringer et al. 2011) which used the same ES, Lakens 2013 for using the Hedges&#039; correction, &quot;Unless stated otherwise, the following calculations were performed as described by Borenstein et al. (5).&quot;","RCT and non-RCT included, checklist by Downs &amp; Black for bias assessment","The MA is extremely detailed in explaining its effect size calculation, providing formulas and references for each step. Nevertheless the variance estimator is not appropriate for the ES chosen.","Palmieri 1986 (23 out of 25 from Fig 2)","change score",NULL,"SMD (with Hedges&#039; correction) based on change scores standardized by pooled pre sd (i.e., Morris ppc2 approach), but with a variance estimation for two independent groups (Borenstei &amp; Hedges formula)","none",,"SN","2025-06-25 10:15:47","2025-06-25 10:36:10","0"
"72","131","unclear",NULL,"either MD (as seen in the forest plots) or SMD of change scores with change score sd as standardizer (as described in the text) with an imputed correlation of 0.8",,"imputed correlation based on a previous MA in the field (Naci et al. 2019), though that study does not justify why they used 0.8, but they presented a sensitivity analyis","only RCTs included, TESTEX for bias assessment","This is a large MA with pairwise comparisons and a Bayesian Network-MA. It may be the case that different ES were used for these two analyses. No individual study ES are presented in the article and its supplementary materials, so no recalculation can be performed.",,NULL,NULL,,,,"SN","2025-06-25 11:01:35","2025-06-25 11:01:35","0"
"73","134","change score",NULL,"MD or SMD based on change scores and their sd","0.7","MD or SMD depending on whether the same scale was used for all outcomes; for imputation, reference to a previous MA (Mason et al. 2021) that used a correlation of 0.7 based on two primary studies while performing a sensitivity analysis","RCT and non-RCT included, &quot;The Critical Appraisal Checklist for Case Control Studies or RCT of the Faculty of Health and Medical Sciences at the University of Adelaide&quot; used for bias assessment",,"Teo et al. 2020 (1 out of 10 from Fig 2A)","unclear",NULL,"unclear, possibly something based on change scores",,"I tried several studies but could not fully reproduce a single ES. Also, very likely double counting of a treatment arm. Partly incorrect reference numbers in forest plot.","SN","2025-06-25 11:45:28","2025-06-25 14:18:10","0"
"74","136","change score",NULL,"SMD (with Hedges&#039; correction) based on change scores and their sd","r = 0.5","SMD because of different measurement scales (ref to Cochrane), bias correction because of small sample bias (ref to Hedges &amp; Olkin), imputation based on a previous MA (Lopez et al 2021, but they chose it without justification).","only randomized trials included, ROB-2 for bias assessment","this is a network-MA and the article does only present aggregated ES. But the Suppl Fig S7/8 show a threshold analysis, also displaying individual study ES, so I will try to use these for the recalculation.","Padilha et al 2015 (53 out of 69 from Fig S7)","change score",NULL,"SMD with Hedges&#039; correction based on change scores and their sds","r = 0.5","The MA has an error in the ES CI calculation: The authors very likely mistook the ES SE for the ES var. This leads to overly wide CIs, since SE(ES) &gt; var(ES) for var(ES) &lt; 1. I could fully reproduce the ES and its CI when considering this issue.","SN","2025-06-25 14:32:49","2025-06-25 15:25:38","0"
"75","137","change score",NULL,"SMD (with Hedges&#039; correction) based on change scores and their sds","r = 0.5","none","probably randomized and nonrandomized studies included, Downs &amp; Black checklist for bias assessment","I use the chronic effect MA for data extraction and recalculation, as this is the one that matches best the inclusion criteria","Weakley et al. 2019 (2 out of 6 from Fig 3)","change score",NULL,"SMD (with Hedges&#039; correction) based on change scores and their sd","r = 0.5","It is interesting that the MA authors state that &quot;Pre- to post-correlation values were not reported
by included studies&quot;, but the study reanalyze has the same first author, so the correlation could have probably calculated from the raw data if available.","SN","2025-06-25 15:25:29","2025-06-25 15:43:40","0"
"76","139","unclear",NULL,"Hedges&#039; g (so probably SMD, but unclear based on what)",,"none","only RCTs included, PEDRO for bias assessment",,"Lavretsky et al. 2022 (24 out of 77 from Fig 2)","post-measures",NULL,"SMD (probably with Hedges&#039; correction) of post-scores",,"I could only almost perfectly recalculate the ES and its CI, but there were very minor discrepancies. I could not figure out why these discrepancies occurred.","SN","2025-06-25 16:11:50","2025-06-25 17:17:59","0"
"77","140","unreported",NULL,"SMD with Hedges&#039; correction",,"none","only RCTs included, ROB-2 for bias assessment",,"Gupta &amp; Mamidi 2013 (1 out of 2 from Fig 2) [random number generator selected study 2 but I could not retrieve the full text for this study)","post-measures",NULL,"SMD (with Hedges&#039; correction) of post scores and their sd",,"I believe the recalculated ES has the wrong sign. But the primary study was unclear whether they reported post-scores (which would mean the ES has the wrong sign) or change scores (which would mean the ES has the correct sign). I checked another ES and that was calculated using post-scores.","SN","2025-06-26 09:26:13","2025-06-26 10:06:22","0"
"78","145","post-measures",NULL,"SMD (with Hedges&#039; correction) of post-scores and their sd",,"reference to Borenstein et al. 2009 for using Hedges&#039; correction","RCT and non-RCT included, PEDRO for bias assessment","detailed description of the ES calculation procedure including all formulas","Gallagher et al. 2010 (this is the only study from Fig 2A that shows an individual ES instead of a combined measure)","post-measures",NULL,"SMD (with Hedges&#039; correction) of post scores and their sd with Borenstein &amp; Hedges variance estimator",,,"SN","2025-06-26 10:08:56","2025-06-26 10:30:29","0"
"79","148","post-measures",NULL,"SMD of post scores and their sd",,"none","only RCTs included, ROB-2 for bias assessment","The full text reports no individual study ES, so we will use the forest plots from the supplementary material instead","Adams et al. 2018 (1 out of 15 from Fig S1)","post-measures",NULL,"SMD (with Hedges&#039; correction) of post scores and their SD (possibly RevMan variance estimator, but could not verify because the results were to similar to the other estimators)",,,"SN","2025-06-26 10:47:15","2025-06-26 10:47:15","0"
"80","149","unclear",NULL,"MD",,"none","only RCTs included,",,"Tew et al. 2019 (46 out of 65 from Fig 2)","change score",NULL,"MD based on change score (but unclear which sd)","unclear","I could reproduce the ES point estimate, but not its variance and thus CIs","SN","2025-06-26 10:52:05","2025-06-26 11:42:54","0"
"81","152","post-measures",NULL,"SMD of post scores",,"none","randomized and non-randomized studies included, modified Knet checklist for bias assessment","the MA states that most data had to be extracted from figures, which can create difficulties during the recalculation. Forest plots are only available in the supplementary materials","Chen et al. 2012 (20 out of 41 from Fig S1)","unclear",NULL,"unclear",,"I could not recalculate any ES size, because all three I checked relied (as far as I understood the original publications and MA procedures correctly) on data extracted from low-quality figures. Hence, I could not generate reliable data that could be used for a recalculation.","SN","2025-06-26 12:04:29","2025-06-26 13:05:55","0"
"82","153","change score",NULL,"SMD of change scores and their sd","unclear","none","MA includes only RCTs, ROB-2 used for bias assessment","No individual study ES are presented in the manuscript or its supplementary materials, so a recalculation is not possible.",,NULL,NULL,,,,"SN","2025-06-26 14:56:09","2025-06-26 15:03:36","0"
"83","157","change score",NULL,"SMD based on change scores and their sd","r = 0.7","For change-score based SMD: ref to Sedgwick &amp; Marston 2013, Borenstein et al. 2009. For correlation imputation: ref to Rosenthal 1991","only RCTs included, ROB-2 for bias assessment",,"Cornette et al. 2016 (1 out of 3 from Fig 2 first panel)","change score",NULL,"SMD (without Hedges&#039; correction) based on change scores and their sd","r = 0.7",,"SN","2025-06-26 15:06:35","2025-06-26 15:51:31","0"
"84","158","change score",NULL,"SMD of within-group SMD, both with Hedges&#039; correction and the same variance estimator","unclear, based on available data (but unclear what if not enough data is reported)","Lakens 2013 for calculating the within group ES and using the Hedges&#039; correction, Kebede et al. 2019 for calculating the correlation from reported sds, Madeyski &amp; Kitchenham 2018 for the between group SMD, Goulet-Pelletier &amp; Cousineau (2018) for the variance estimator","only crossover trials included, self-developed checklist for bias-assessment","The procedure is well-explained, well-referenced, and the appendix provides all formula used. I am unsure whether the used approach is mathematically correct, because (1) the variance estimator is for independent groups but also used for the within group ES here (2) there is an error (typo?) in the formula for calculating the pre-post correlation (3) the practice of standardizing a difference of standardized means may yield results that are different to interpret (4) The cross-over nature of the trials is not fully taken into account (e.g., not using the between condition correlation).","Jones et al. 2008 (9 out of 11 from Fig 2A)","change score",NULL,"SMD based on within-group SMD (both with Hedges&#039; correction and both with an independent group variance estimator).","r = 0.5","I could finally perfectly recalculate a given effect size, but only when following the mistakes from the MA analysis: 
1. the formula for calculating the pre-post correlation is not just incorrectly applied but also contains an error, with the result that a correlation of r = 0.5 is always imputed
2. the variance formula (which is inappropriate for the within group design) also has an error in the calculation of the degrees of freedom, as has the Hedges&#039; correction factor
3. The standardization procedure of the between group ES standardizes already standardized SMDs by raw score SDs, which will almost always leads to extremely small ES (but large CIs)
4. The between group ES does not take the crossover design into account but treats the am and pm groups as independent (loss of power)","SN","2025-06-30 13:58:50","2025-06-30 15:35:20","0"
"85","159","unreported",NULL,"SMD (Cohen&#039;s d)",,"SMD because measurements had different scales, reference to Lachenbruch &amp; Cohen 1989 for using Cohen&#039;s d","RCTs and non-randomised experimental trials included, ROB-2 (RCT) or ROBINS-I (non-RCT) for bias assessment","The MA performed pairwise MA and network-MA.","Bharath et al. 2018 (1 out of 18 from Fig S3)","change score",NULL,"SMD (without Hedges&#039; correction) based on change scores standardized by post score SD.","none","With some try-and-error I could finally reproduce the ES and its CI. In the first study I tried to recalculate, the MA authors confused SEM and SD and also used the wrong sample size for each group (n = 10 instead of 20, but this was also an error in the original study table). For another study the recalculation worked when using rounded values.","SN","2025-07-01 09:44:35","2025-07-01 13:26:31","0"
"86","160","change score",NULL,"SMD (with Hedges&#039; correction) based on change scores standardized by post score sd","none","none","RCT and non-RCT included, PEDRO for bias assessment",,"Young et al. 1999 (101 out of 102 from Fig","change score",NULL,"SMD (with Hedges&#039; correction) of change scores standardized by post score SD","none","I could almost match the reported ES and its CI (off by 0.01) for the second study I tried (no success for the first).","SN","2025-07-01 11:18:59","2025-07-01 15:14:24","0"
"87","163","change score",NULL,"SMD (with Hedges&#039; correction) of change scores and the pooled within-group sds","none","Cochrane and Lakens 2013 for using SMD, Rosenthal 2009 and Hedges &amp; Olkin 1985 for using the bias correction","RCT and non-RCT included, custom checklist for bias assessment (reference: Brughelli et al. 2008)","The MA presents both between group and within group analyses, we focus on the between-group analysis here.","Nonnato et al. 2022 (7 out of 11 from Fig 2)","change score",NULL,"SMD (with Hedges&#039; correction) of change scores and the pooled within-group sds (with RevMan variance estimator)","none","The recalculation was very straightforward. The ES calculation does not take the repeated measures design into account","SN","2025-07-02 10:09:11","2025-07-02 10:28:23","0"
"88","164","change score",NULL,"SMD (with Hedges&#039; correction) based on change scores (unclear what is used as a standardizer)","r = 0.7","Hedges 1981 for using Hedges&#039; g, Rosenthal 1991 for correlation imputation of 0.7","probably RCT and non-RCT included, PEDRO for bias assessment",,"Nelson et al. 2000 (9 out of 13 from Fig 3a)","change score",NULL,"SMD (with Hedges&#039; correction) based on change scores with raw score standardization (ppc1 by Morris with the variance estimator by Becker)","r = 0.7",,"SN","2025-07-02 10:31:45","2025-07-02 11:11:37","0"
"89","165","change score",NULL,"MD of change scores and their SD","r = 0.5","Fu et al. 2008 for imputing r = 0.5","only RCTs included, TESTEX and self-created (?) checklist for bias assessment",,"Sunami et al. 1999 (4 out of 6 in Fig 2 that do not have a combined outcome)","change score",NULL,"MD based on change scores and their sd","r = 0.5",,"SN","2025-07-02 11:45:52","2025-07-02 14:52:47","0"
"90","170","change score",NULL,"SMD of change scores (raw score standardization, Hedges&#039; correction)","r = 0.7","reference to Morris 2008","only RCTs included, ROB-2 for bias assessment","Sensitivity analyses for r = 0.6 and r = 0.8","Sims et al. 2006 (35 out of 41 from Fig 2)","change score",NULL,"SMD (without Hedges&#039; correction) based on change scores standardized by post score sd (raw score standardization)","none","I could perfectly recalculate the ES and CI for 2 out of 3 cases when using a uncorrected SMD with raw (post!) score standardization. This means that the references paper Morris 2008 was not followed, since it recommends the Hedges&#039; correction and pre-score sd standardization. It also means that the assumed correlation of r = 0.7 has no effect on the calculated ES, since no correlation is needed for the calculation. This is a bit strange since the correlation imputation was stated several times in the MA. But I could perfectly recalculate two out of three ES with CI with my method (accuracy of &lt;0.001), and the third was only off by 0.01. Incorrect reference numbers in forest plot","SN","2025-07-02 15:15:51","2025-07-02 16:44:57","0"
"91","172","change score",NULL,"SMD based on change scores, possibly with raw score standardization (Morris, ppc1 with Becker variance estimator)","r = 0.7","reference to Morris 2008","possibly RCT and non-RCT included, modified PEDRO scale for bias assessment","sensitivity analyses conducted for r = 0.5 and r = 0.9; data and code is available; the numbers and studies of the individual ES in the forest plot are not documented, I&#039;ll try to infer this from the published code","Abdel-Aziem &amp; Mohammad 2012 (87 out of 104 from Fig 2A, I matched the study by running the provided code)","change score",NULL,"SMD (with Hedges&#039; correction) based on change scores with raw score (post-SD!) standardization (Morris ppc1 with Becker variance estimator)","r = 0.7","Contrary to the recommendation the MA uses the post-score sd to standardize the ES. The available data and code was a great help during the recalculation.","SN","2025-07-02 16:50:43","2025-07-02 17:30:27","0"
"92","177","change score",NULL,"SMD (with Hedges&#039; correction) based on change scores with raw (pre) score standardization (ppc2 by Morris 2008)","unreported","method is best in regards of bias, precision and robustness (reference to Morris 2008)","only RCTs included, ROB-2 for bias assessment",,"Reichkendler et al. 2013 (7 out of 46 from Fig 1)","change score",NULL,"SMD (with Hedges&#039; correction) based on change scores with raw (pre) score standardization (ppc2 by Morris 2008)","r = 0.5","worked perfectly with the first try","SN","2025-07-07 14:40:56","2025-07-07 14:59:13","0"
"93","178","unreported",NULL,"SMD (based on the forest plot it should be post-score based)",,"none","only RCTs included (most crossover, few parallel), ROB(-1/2?) for bias assessment",,"Sims 2016 (11 out of 19 from Fig 2)","post-measures",NULL,"SMD (with Hedges&#039; correction) based on post scores and their sd",,"Most studies included in the MA were crossover designs and they had no real pre-measurements (or just one instead of one per condition). The first study I tried to recalculate has a data extraction error, which made both sd larger by the factor 10. The final study I used for the recalculation had a perfect match, when using the values from the forest plot, which were slightly off by 0.01 or -0.01 each from the reported values in the original study (this was a bit surprising to see).","SN","2025-07-07 15:07:20","2025-07-07 17:19:52","0"
"94","179","unreported",NULL,"possibly SMD (at least this is indicated by the forest plot)",,"following recommendations by reference Borenstein et al. 2021","randomized and non-randomized controlled trials included, PEDRO for bias assessment",,"Barbosa et al. 2002 (7 out of 21 from Fig 3 that use a single instead of a combined measure)","change score",NULL,"SMD of change scores and their SD","r = 0.5","instead of the CI I recalculated the z-value, which was given in the forest plot. The data availability statement states that the extracted data is available in Tab S1, but the supplementary material only consists of a PRISMA checklist.","SN","2025-07-07 17:12:56","2025-07-07 17:40:20","0"
"95","180","change score",NULL,"SMD of change scores","unreported","reference to Cochrane handbook","possibly randomized and non-randomized trials included, PEDro for bias assessment.",,"O&#039;Riordan et al. 2023 (18 out of 22 from Fig 3; I used Fig 3 because Fig 2 appeared to present combined effect sizes for each study; the built-in random number generator of the project website did not work for this study, so I used R code instead)","post-measures",NULL,"SMD (with Hedges&#039; correction) based on post-scores (with RevMan variance estimator)",,"Most included studies were crossover-design without additional pre-measures, so change score based methods may not be applicable. Recalculation was challenging, because for some studies it was not clear what data was extracted, which procedure was used for combining measures to a single effect sizes and/or data would need to be extracted from plots. In the end, I could only successfully recalculate a single ES (I&#039;ll upload this file as the &quot;original study pdf&quot;).","SN","2025-07-07 17:43:17","2025-07-08 09:50:15","0"
"96","181","change score",NULL,"SMD of change scores and their SD","r = 0.7","reference to Rosenthal 1991 for imputed correlation","only RCTs included, PEDro for bias assessment","sensitivity analysis performed with r = 0.2 and r = 0.5","(8 out of 12 from Fig S2)","change score",NULL,"SMD of change scores and their sd (unclear if Hedges&#039; correction and which variance estimator, because this did not change the results due to the large sample sizes).","r = 0.7","I tried to reproduce two ES, the first was almost perfectly recalculated (off by 0.01), the second was exact, but had the wrong sign (effect size direction).","SN","2025-07-08 10:13:35","2025-07-08 13:43:13","0"
"97","182","change score",NULL,"SMD based on change scores and their sd","r = 0.5","reference to Cochrane handbook","only RCTs included, ROB(-1) for bias assessment","This network-MA does not present individual study effect sizes, thus no recalculation attempt will be made.",,NULL,NULL,,,,"SN","2025-07-08 13:41:36","2025-07-08 13:41:36","0"
"98","183","unclear",NULL,"SMD (with Hedges&#039; correction)",,"none","only RCTs included, SIGN-RCT checklist for bias assessment","some crossover studies were included following the guidelines by Elbourne et al. 2002. Whether change or post scores were used is unclear from the text.","Wilson et al. 2019 (21 out of 23 from Fig 2)","post-measures",NULL,"SMD (with Hedges&#039; correction) of post scores and their sd (with Borenstein variance estimator)",,"I couldn&#039;t match the ES of the first study (the study only reported change scores and no post scores), but the recalculation worked for the second (which I upload here). The MA authors use the Borenstein variance estimator, despite stating that they used metafor for the MA. This is rather uncommon, because that estimator is not the default setting in metafor. Maybe the ES calculation was done with another software.","SN","2025-07-08 14:10:31","2025-07-08 15:14:24","0"
"99","184","change score",NULL,"SMD (with Hedges&#039; correction) of change scores, standardized by the average SD of pre and post SD of both groups","none","reference to Borenstein et al. 2009","RCT and non-RCTs included, modified Downs &amp; Black checklist for bias assessment","The exact way to calculate the standardizer for the ES is unclear to me, as is the var estimator, which is not reported.","Moltubakk et al. 2021 (6 out of 29 from Fig 2)","change score",NULL,"SMD (with Hedges correction) of change scores standardized by the the averages of the pre and post sd (with Borenstein variance estimator)","none","I could not recalculate the first study because I was unsure which values were used for the calculations (and they probably would have needed to be extracted from a figure), the second study (which I will upload) worked","SN","2025-07-11 14:04:29","2025-07-11 14:48:19","0"
"100","186","change score",NULL,"SMD, possibly based on change scores","unreported","none","randomized and non-randomized studies included, modified Downs &amp; Black checklist for bias assessment","From the tables, figures and text I assume that a change score based approach was used, but this is not really clear","Irving et al. 2015 (18 out of 21 from Fig 2)","change score",NULL,"SMD based on change scores and their SD","r = 0.5","The study I used for the reanalysis did only present pre- and percentage change data. These data were used to calculate post score, with the percentage change score SD taken as the percentage post score sd (which is statistically incorrect). Then pre and post scores were used (with imputed correlation) to calculate change scores. I would not have been able to reproduce this, if the authors did not provide their extracted data, and their input data for the ES calculation in a table and the forest plot, so this was a great help. In the forest plot, the two groups of the same study were mixed up.","SN","2025-07-11 15:36:00","2025-07-11 15:36:00","0"
"101","190","change score",NULL,"MD or SMD (with Hedges&#039; correction) using post SD standardization","none","MD if same scale of outcome measures, SMD if different scales were used.","only RCTs included, PEDro scale for bias assessment","Different ES were used based on the measurement scales, I&#039;ll try to reproduce one MD (from Fig 1) and one SMD (from Fig. 4A)","Bjerre et al. 2019 (1 out of 2 from Fig 2) and Sundstrup et al. 2016 (2 out of 4 from Fig 4)","change score",NULL,"MD of change scores (with unclear variance calculation) or SMD (with Hedges&#039; correction) of change scores with post score SD standardization (using Borenstein variance estimator)","none","I tried several ES to calculate the MD procedure, but could only recalculate the point estimates not the CIs (also there was a probably incorrect direction of effect for one ES). I could reproduce the two SMDs I tried (one with very minor rounding error).","SN","2025-07-14 10:10:42","2025-07-14 11:19:23","0"
"102","192","change score",NULL,"SMD (without Hedges&#039; correction) based on change scores and their SD (with metafor variance estimator)","r = 0.923 or r = 0.9","Borenstein for using SMD, Dankel &amp; Loenneke 2021 for standardizing by the change score SD instead of the pre score SD, Abe et al. 2000 as a primary study for using 0.923 as a correlation imputation for leg extension, different other primary studies for provided a range of correlations (0.85-0.99) to justify the used r = 0.9.","probably randomized and non-randomized controlled studies included, ROB-2 for bias assessment","Very detailed account of the effect size calculation including formulas for the point and variance estimates and references for the used procedures and imputed values. Sensitivity analyses for r = 0.7, 0.8 were performed.","Botton et al. 2016 (19 out of 24 from Fig 2)","change score",NULL,"SMD (without Hedges&#039; correction) based on change scores and their SD","r = 0.9","I succeeded with the third ES to recalculate, the first probably had a slight differences in the CI, the second probably mistakenly took the unstandardized mean difference as the point estimate (and had the wrong effect direction, though the ES was very small), the third worked perfectly. Notably, although the MA stated that the used a particular r instead of the standard r=0.9 for leg extension measurements, they used r = 0.9 also for leg extension.","SN","2025-07-14 11:43:29","2025-07-14 12:32:40","0"
"103","193","change score",NULL,"SMD (possibly change score based with change score standardization)","r = 0.75","imputed correlation is based on an earlier MA on the same topic (Grgic et al. 2022), that used the correlation as a conservative estimate based on original studies that allowed to recalculate the correlation.","only randomized trials included, TESTEX scale for bias assessment","sensitivity analyses were performed for correlation ranging from 0.6-0.9; open data and code available","Terada et al. 2022 (18 out of 18 from Fig 2)","change score",NULL,"SMD (with Hedges&#039; correction) of change scores and their SD (with metafor variance estimator)","r = 0.75","One minor data extraction error occurred for the recalculated ES, which only lead to a very minor difference of 0.01 for the ES point estimate. I could verify the data extraction error with the help of the provided raw data.","SN","2025-07-14 15:01:16","2025-07-14 15:33:50","0"
"104","197","change score",NULL,"SMD (with Hedges&#039; correction) of change scores and their sd, or MD if same scale was used for outcome","r = 0.70","for correlation imputation, reference to two earlier MA: Csapo &amp; Alegre 2016 and Orssatto et al. 2019 (both link to Khouri et al. 2013, which links to Rosenthal 1993);","Randomized and non-randomized controlled trials; ROB-2 (for RCTs) or ROBINS-I (non-RCTs) for bias assessment","individual effect sizes and extracted data are presented in the supplementary materials","Correa et al. 2014 (1 out of 12 from Fig S1A)","change score",NULL,"SMD (with Hedges&#039; correction) of change scores and their SDs (possibly RevMan variance estimator)","r = 0.7","I could not continue reproducing the ES for the first study, because means had to be extracted from a plot and SDs were not presented at all (this is also indicated in the MA supplementary material). For the second ES (Radaelli et al. 2014) I could get a perfect match with the first try.","SN","2025-07-14 15:46:55","2025-07-14 16:10:36","0"
"105","200","post-measures",NULL,"SMD based on post scores",,"none","only RCTs included, PEDro scale for bias assessment","The MA included both crossover and parallel group trials. For crossover trials the ES is calculated as a within-group ES, with r = 0.7 (reference to Rosenthal 1991 and an earlier MA using 0.7 [Kishita et al. 2017, who also reference Rosenthal 1993]), with sensitivity analyses setting r = 0.5, 0.8","Griefahn et al. 2021 (2 out of 2 from Fig 2A)","post-measures",NULL,"SMD based on post scores and their SD (without Hedges&#039; correction)",,"This was challenging, because the two studies from the same first author were mixed up in the forest plot. Also the first recalculated ES had the wrong direction of the effect (although the ES was small, so this has almost no impact). The second recalculation worked well when using rounded values.","SN","2025-07-14 16:50:24","2025-07-17 15:00:42","0"
"106","202","unclear",NULL,"SMD (with Hedges&#039; correction)",,"reference to Hedges &amp; Olkin 1985 for bias correction","only RCTs included, PEDro scale for bias assessment","Possible change scores were used, but this is not clear from the text. Open data and open code.","Campos et al. 2013 (7 out of 19 from Fig 3)","unclear",NULL,"maybe SMD (with Hedges&#039; correction) based on change scores standardized by post-score SD (with RevMan variance estimator)",,"I could recalculate one ES using the method describe above (but in this case, the MA authors took the SE for the SD). But for the first and third ES, I could absolutely not recalculate the values, although the data was sufficient and matches the published MA data. The published data and code does not provide any information on how the ES were calculated. There may be an important undocumented step in the ES calculation, that was by chance not relevant to the one ES for which the recalculation succeeded.","SN","2025-07-17 15:03:52","2025-07-23 11:58:50","0"
"107","209","change score",NULL,"MD of change scores","none","none","only RCTs included, ROB-2 for bias assessment",,"Zavanela et al. 2012 (19 out of 19 from Fig 2)","change score",NULL,"MD based on change scores and their SD","r = 0.5",,"SN","2025-07-23 12:05:11","2025-07-23 12:29:30","0"
