"id","study_id","user","comments","submitted_date","last_updated","type","exclusion_reason","exclusion"
"1","1","SN",,"2025-02-14 16:00:55","2025-02-14 16:00:55","abstract",NULL,"0"
"2","2","SN",,"2025-02-14 16:01:12","2025-02-14 16:01:12","abstract",NULL,"0"
"3","3","SN",,"2025-02-14 16:02:07","2025-02-14 16:02:07","abstract",NULL,"0"
"4","4","SN",,"2025-02-14 16:02:38","2025-02-14 16:02:38","abstract",NULL,"0"
"5","5","SN",,"2025-02-14 16:03:24","2025-02-14 16:03:24","abstract",NULL,"0"
"6","6","SN",,"2025-02-14 16:04:21","2025-02-14 16:04:21","abstract",NULL,"0"
"7","7","SN",,"2025-02-14 16:04:47","2025-02-14 16:04:47","abstract",NULL,"0"
"8","8","SN",,"2025-02-14 16:05:44","2025-02-14 16:05:44","abstract","No group comparison","1"
"9","9","SN",,"2025-02-14 16:06:23","2025-02-14 16:06:23","abstract",NULL,"0"
"10","10","SN",,"2025-02-14 16:07:04","2025-02-14 16:07:04","abstract",NULL,"0"
"11","11","SN",,"2025-02-14 16:08:21","2025-02-14 16:08:21","abstract",NULL,"0"
"12","12","SN",,"2025-02-14 16:09:20","2025-02-14 16:09:20","abstract",NULL,"0"
"13","13","SN",,"2025-02-14 16:09:54","2025-02-14 16:09:54","abstract",NULL,"0"
"14","14","SN",,"2025-02-14 16:10:49","2025-02-14 16:10:49","abstract","No pre-post design","1"
"15","15","SN",,"2025-02-14 16:11:29","2025-02-14 16:11:29","abstract","No group comparison","1"
"16","16","SN",,"2025-02-14 16:12:29","2025-02-14 16:16:58","abstract","No exercise intervention","1"
"17","17","SN",,"2025-02-14 16:13:23","2025-02-14 16:13:23","abstract","No group comparison","1"
"18","18","SN",,"2025-02-14 16:14:24","2025-02-14 16:14:24","abstract",NULL,"0"
"19","19","SN",,"2025-02-14 16:15:17","2025-02-14 16:15:17","abstract",NULL,"0"
"20","20","SN",,"2025-02-14 16:16:12","2025-02-14 16:16:12","abstract","No exercise intervention","1"
"21","21","SN",,"2025-02-14 16:17:31","2025-02-14 16:17:31","abstract",NULL,"0"
"22","22","SN",,"2025-02-14 16:17:56","2025-02-14 16:17:56","abstract",NULL,"0"
"23","23","SN",,"2025-02-14 16:18:36","2025-02-14 16:18:36","abstract",NULL,"0"
"24","24","SN",,"2025-02-14 16:19:12","2025-02-14 16:19:12","abstract",NULL,"0"
"25","25","SN",,"2025-02-14 16:19:47","2025-02-14 16:19:47","abstract",NULL,"0"
"26","26","SN",,"2025-02-14 16:20:12","2025-02-14 16:20:12","abstract",NULL,"0"
"27","27","SN",,"2025-02-14 16:21:16","2025-02-14 16:21:16","abstract","No group comparison","1"
"28","28","SN",,"2025-02-14 16:21:57","2025-02-14 16:21:57","abstract",NULL,"0"
"29","29","SN",,"2025-02-14 16:22:27","2025-02-14 16:22:27","abstract",NULL,"0"
"30","30","SN",,"2025-02-14 16:23:05","2025-02-14 16:23:05","abstract","No group comparison","1"
"31","31","SN",,"2025-02-14 16:23:35","2025-02-14 16:23:35","abstract",NULL,"0"
"32","32","SN",,"2025-02-14 16:24:49","2025-02-14 16:24:49","abstract",NULL,"0"
"33","33","SN",,"2025-02-14 16:25:11","2025-02-14 16:25:11","abstract",NULL,"0"
"34","34","SN",,"2025-02-14 16:25:37","2025-02-14 16:25:37","abstract",NULL,"0"
"35","35","SN",,"2025-02-14 16:26:33","2025-02-14 16:26:33","abstract",NULL,"0"
"36","36","SN","Not a real exercise intervention, more the effect of a nutrition intercention on responses to exercise","2025-02-14 16:28:20","2025-02-14 16:28:20","abstract",NULL,"0"
"37","37","SN","Also not a real group comparison, but walking speeds were categorized","2025-02-14 16:28:57","2025-02-17 10:53:00","abstract","No pre-post design","1"
"38","38","SN",,"2025-02-14 16:29:51","2025-02-14 16:29:51","abstract",NULL,"0"
"39","39","SN","Not a true exercise intervention, rather a cognition intervention. But for me not enough details to exclude","2025-02-14 16:31:27","2025-02-14 16:31:27","abstract",NULL,"0"
"40","40","SN","combination of nutritional and exercise intervention","2025-02-14 16:32:11","2025-02-14 16:32:11","abstract",NULL,"0"
"41","41","SN","combination of nutrition and exercise intervention","2025-02-14 16:32:50","2025-02-14 16:32:50","abstract",NULL,"0"
"42","42","SN",,"2025-02-14 16:33:15","2025-02-14 16:33:15","abstract",NULL,"0"
"43","43","SN",,"2025-02-14 16:33:46","2025-02-14 16:33:46","abstract",NULL,"0"
"44","44","SN","combination of feedback and exercise intervention, pre-post design unclear","2025-02-14 16:34:41","2025-02-14 16:34:41","abstract",NULL,"0"
"45","45","SN",,"2025-02-14 16:35:21","2025-02-14 16:35:21","abstract",NULL,"0"
"46","46","SN","The experimental part may fit to the inclusion criteria","2025-02-14 16:37:08","2025-02-14 16:37:08","abstract",NULL,"0"
"47","47","SN",,"2025-02-14 16:37:50","2025-02-14 16:37:50","abstract",NULL,"0"
"48","48","SN",,"2025-02-14 16:38:29","2025-02-14 16:38:29","abstract","No pre-post design","1"
"49","49","SN",,"2025-02-14 16:39:10","2025-02-14 16:39:10","abstract",NULL,"0"
"50","50","SN","combinations of exercise and other interventions","2025-02-14 16:40:08","2025-02-14 16:40:08","abstract",NULL,"0"
"51","51","SN",,"2025-02-14 16:41:21","2025-02-14 16:41:21","abstract",NULL,"0"
"52","52","SN","may be cross-over, pre-post not really clear","2025-02-14 16:42:14","2025-02-14 16:42:14","abstract",NULL,"0"
"53","53","SN","Not really clear if this is an exercise intervention","2025-02-14 16:43:32","2025-02-14 16:43:32","abstract",NULL,"0"
"54","54","SN","Only correlations instead of group comparison","2025-02-17 10:22:06","2025-02-17 10:24:29","abstract","No group comparison","1"
"55","55","SN",,"2025-02-17 10:22:31","2025-02-17 10:22:31","abstract",NULL,"0"
"56","56","SN",,"2025-02-17 10:23:05","2025-02-17 10:23:05","abstract",NULL,"0"
"57","57","SN","Only baseline data is used for interventions","2025-02-17 10:23:30","2025-02-17 10:24:06","abstract","No pre-post design","1"
"58","58","SN",,"2025-02-17 10:23:43","2025-02-17 10:23:43","abstract",NULL,"0"
"59","59","SN","Only one time point of measurement","2025-02-17 10:25:18","2025-02-17 10:25:18","abstract","No pre-post design","1"
"60","60","SN","may not be the right design, but SMDs are mentioned in the abstract. Need full text for more details","2025-02-17 10:26:14","2025-02-17 10:26:14","abstract",NULL,"0"
"61","61","SN",,"2025-02-17 10:26:30","2025-02-17 10:26:30","abstract",NULL,"0"
"62","62","SN",,"2025-02-17 10:26:42","2025-02-17 10:26:42","abstract",NULL,"0"
"63","63","SN",,"2025-02-17 10:27:03","2025-02-17 10:27:03","abstract",NULL,"0"
"64","64","SN",,"2025-02-17 10:27:19","2025-02-17 10:27:19","abstract",NULL,"0"
"65","65","SN",,"2025-02-17 10:27:46","2025-02-17 10:27:46","abstract",NULL,"0"
"66","66","SN","unclear, full text needed","2025-02-17 10:28:24","2025-02-17 10:28:24","abstract",NULL,"0"
"67","67","SN","Gruop comparison of injury risks, but no intervention","2025-02-17 10:29:12","2025-02-17 10:29:12","abstract","No pre-post design","1"
"68","68","SN",,"2025-02-17 10:29:23","2025-02-17 10:29:23","abstract",NULL,"0"
"69","69","SN","injury prevalence, no intervention","2025-02-17 10:29:47","2025-02-17 10:29:47","abstract","No pre-post design","1"
"70","70","SN",,"2025-02-17 10:30:17","2025-02-17 10:30:17","abstract","No group comparison","1"
"71","71","SN","Group comparisons, but no intervention","2025-02-17 10:31:01","2025-02-17 10:31:01","abstract","No pre-post design","1"
"72","72","SN",,"2025-02-17 10:31:39","2025-02-17 10:31:39","abstract","No group comparison","1"
"73","73","SN","can be discussed if massage is an exercise intervention","2025-02-17 10:32:21","2025-02-17 10:32:21","abstract",NULL,"0"
"74","74","SN",,"2025-02-17 10:32:39","2025-02-17 10:32:39","abstract","No group comparison","1"
"75","75","SN",,"2025-02-17 10:33:02","2025-02-17 10:33:02","abstract",NULL,"0"
"76","76","SN","nutritional intervention but no exercise","2025-02-17 10:34:32","2025-02-17 10:34:32","abstract","No exercise intervention","1"
"77","77","SN","might be no continuous outcomes","2025-02-17 10:35:54","2025-02-17 10:35:54","abstract",NULL,"0"
"78","78","SN","Not really exercise interventions, but other interventions for exercise performance","2025-02-17 10:36:44","2025-02-17 10:36:44","abstract",NULL,"0"
"79","79","SN",,"2025-02-17 10:37:06","2025-02-17 10:37:06","abstract",NULL,"0"
"80","80","SN",,"2025-02-17 10:37:31","2025-02-17 10:37:31","abstract",NULL,"0"
"81","81","SN",,"2025-02-17 10:37:45","2025-02-17 10:37:45","abstract","No pre-post design","1"
"82","82","SN",,"2025-02-17 10:38:26","2025-02-17 10:38:26","abstract",NULL,"0"
"83","83","SN",,"2025-02-17 10:38:48","2025-02-17 10:38:48","abstract",NULL,"0"
"84","84","SN",,"2025-02-17 10:39:17","2025-02-17 10:39:17","abstract","No group comparison","1"
"85","85","SN","different designs used","2025-02-17 10:39:59","2025-02-17 10:39:59","abstract",NULL,"0"
"86","86","SN",,"2025-02-17 10:40:33","2025-02-17 10:40:33","abstract",NULL,"0"
"87","87","SN",,"2025-02-17 10:40:50","2025-02-17 10:40:50","abstract",NULL,"0"
"88","88","SN","No control group","2025-02-17 10:41:23","2025-02-17 10:41:23","abstract","No group comparison","1"
"89","89","SN","design unclear (maybe crossover only), maybe more nutrition than exercise intervention, need full text","2025-02-17 10:42:48","2025-02-17 10:42:48","abstract",NULL,"0"
"90","90","SN",,"2025-02-17 10:43:06","2025-02-17 10:43:06","abstract",NULL,"0"
"91","91","SN",,"2025-02-17 10:43:36","2025-02-17 10:43:36","abstract","No pre-post design","1"
"92","92","SN",,"2025-02-17 10:43:57","2025-02-17 10:43:57","abstract",NULL,"0"
"93","93","SN",,"2025-02-17 10:44:35","2025-02-17 10:44:35","abstract","No pre-post design","1"
"94","94","SN",,"2025-02-17 10:45:16","2025-02-17 10:45:16","abstract","No pre-post design","1"
"95","95","SN",,"2025-02-17 10:45:53","2025-02-17 10:45:53","abstract",NULL,"0"
"96","96","SN","unclear design","2025-02-17 10:46:36","2025-02-17 10:46:36","abstract",NULL,"0"
"97","97","SN",,"2025-02-17 10:46:50","2025-02-17 10:46:50","abstract",NULL,"0"
"98","98","SN","unclear design, maybe not really an exercise intervention","2025-02-17 10:47:38","2025-02-17 10:47:38","abstract",NULL,"0"
"99","99","SN",,"2025-02-17 10:48:02","2025-02-17 10:48:02","abstract","No pre-post design","1"
"100","100","SN",,"2025-02-17 10:48:47","2025-02-17 10:48:47","abstract","No pre-post design","1"
"101","101","SN",,"2025-02-17 10:49:16","2025-02-17 10:49:16","abstract",NULL,"0"
"102","102","SN",,"2025-02-17 10:49:45","2025-02-17 10:49:45","abstract",NULL,"0"
"103","103","SN","maybe not pre-post","2025-02-17 10:50:24","2025-02-17 10:50:24","abstract",NULL,"0"
"104","104","SN",,"2025-02-17 10:50:50","2025-02-17 10:50:50","abstract",NULL,"0"
"105","105","SN","Rather psychological intervention for exercise performance","2025-02-17 10:52:11","2025-02-17 10:52:11","abstract",NULL,"0"
"106","106","SN","pre-post design unclear","2025-02-17 11:23:10","2025-02-17 11:23:10","abstract",NULL,"0"
"107","107","SN",,"2025-02-17 11:23:44","2025-02-17 11:23:44","abstract",NULL,"0"
"108","108","SN",,"2025-02-17 11:24:15","2025-02-17 11:24:15","abstract","No group comparison","1"
"109","109","SN",,"2025-02-17 11:24:56","2025-02-17 11:24:56","abstract",NULL,"0"
"110","110","SN","unclear design, not really an exercise intervention","2025-02-17 11:25:42","2025-02-17 11:25:42","abstract",NULL,"0"
"111","111","SN",,"2025-02-17 11:26:35","2025-02-17 11:26:35","abstract",NULL,"0"
"112","112","SN",,"2025-02-17 11:27:01","2025-02-17 11:27:01","abstract","No group comparison","1"
"113","113","SN",,"2025-02-17 11:27:16","2025-02-17 11:27:16","abstract",NULL,"0"
"114","114","SN","unclear if actual group comparison for intervention studies","2025-02-17 11:28:19","2025-02-17 11:28:19","abstract",NULL,"0"
"115","115","SN",,"2025-02-17 11:29:19","2025-02-17 11:29:19","abstract","No pre-post design","1"
"116","116","SN","This is a review of meta-analyses, but not a meta-analysis itself","2025-02-17 11:30:08","2025-02-17 11:30:08","abstract","No meta-analysis","1"
"117","117","SN",,"2025-02-17 12:07:56","2025-02-17 12:07:56","abstract",NULL,"0"
"118","118","SN","maybe more nutrition than exercise intervention","2025-02-17 12:08:54","2025-02-17 12:08:54","abstract",NULL,"0"
"119","119","SN","unclear if pre-post design or just simple cross-over","2025-02-17 12:11:20","2025-02-17 12:11:20","abstract",NULL,"0"
"120","120","SN","maybe no actual group comparison, but only without group changes. Needs full text to verify","2025-02-17 12:12:21","2025-02-17 12:12:21","abstract",NULL,"0"
"121","121","SN","This is not a group comparison of means but of variances","2025-02-17 12:13:19","2025-02-17 12:13:19","abstract","No group comparison","1"
"122","122","SN",,"2025-02-17 12:13:37","2025-02-17 12:13:37","abstract",NULL,"0"
"123","123","SN","unclear design","2025-02-17 12:14:15","2025-02-17 12:14:15","abstract",NULL,"0"
"124","124","SN",,"2025-02-17 12:14:53","2025-02-17 12:14:53","abstract","No group comparison","1"
"125","125","SN","Not really clear if this is an exercise intervention","2025-02-17 12:15:59","2025-02-17 12:15:59","abstract",NULL,"0"
"126","126","SN",,"2025-02-17 12:16:37","2025-02-17 12:16:37","abstract",NULL,"0"
"127","127","SN",,"2025-02-17 12:16:51","2025-02-17 12:16:51","abstract","No group comparison","1"
"128","128","SN",,"2025-02-17 12:17:41","2025-02-17 12:17:41","abstract",NULL,"0"
"129","129","SN",,"2025-02-17 12:18:13","2025-02-17 12:18:13","abstract",NULL,"0"
"130","130","SN",,"2025-02-17 12:18:42","2025-02-17 12:18:42","abstract","No group comparison","1"
"131","131","SN",,"2025-02-17 12:19:12","2025-02-17 12:19:12","abstract",NULL,"0"
"132","132","SN","unclear if pre-post","2025-02-17 12:20:02","2025-02-17 12:20:02","abstract",NULL,"0"
"133","133","SN",,"2025-02-17 12:20:46","2025-02-17 12:20:46","abstract","No pre-post design","1"
"134","134","SN",,"2025-02-17 12:21:29","2025-02-17 12:21:29","abstract",NULL,"0"
"135","135","SN","does not seem to be pre-post (only includes single time point)","2025-02-17 12:22:57","2025-02-17 12:22:57","abstract","No pre-post design","1"
"136","136","SN",,"2025-02-17 12:23:27","2025-02-17 12:23:27","abstract",NULL,"0"
"137","137","SN","unclear if pre-post, rather a feedback intervention during exercise than exercise","2025-02-17 12:24:33","2025-02-17 12:24:33","abstract",NULL,"0"
"138","138","SN",,"2025-02-17 12:24:59","2025-02-17 12:24:59","abstract","No pre-post design","1"
"139","139","SN",,"2025-02-17 12:25:17","2025-02-17 12:25:17","abstract",NULL,"0"
"140","140","SN",,"2025-02-17 12:25:49","2025-02-17 12:25:49","abstract",NULL,"0"
"141","141","SN","unclear design","2025-02-17 12:26:27","2025-02-17 12:26:27","abstract",NULL,"0"
"142","142","SN",,"2025-02-17 12:26:49","2025-02-17 12:26:49","abstract","No pre-post design","1"
"143","143","SN",,"2025-02-17 12:27:08","2025-02-17 12:27:08","abstract","No group comparison","1"
"144","144","SN","unclear design","2025-02-17 12:28:30","2025-02-17 12:28:30","abstract",NULL,"0"
"145","145","SN",,"2025-02-17 12:28:42","2025-02-17 12:28:42","abstract",NULL,"0"
"146","146","SN",,"2025-02-17 12:29:46","2025-02-17 12:29:46","abstract","No pre-post design","1"
"147","147","SN","seem to be only within-group changes","2025-02-17 12:30:38","2025-02-17 12:30:38","abstract","No group comparison","1"
"148","148","SN",,"2025-02-17 12:30:46","2025-02-17 12:30:46","abstract",NULL,"0"
"149","149","SN",,"2025-02-17 12:31:04","2025-02-17 12:31:04","abstract",NULL,"0"
"150","150","SN",,"2025-02-17 12:31:31","2025-02-17 12:31:31","abstract","No pre-post design","1"
"151","151","SN","unclear if this is a group comparison and a pre-post design, need fulltext","2025-02-17 12:32:25","2025-02-17 12:32:25","abstract",NULL,"0"
"152","152","SN",,"2025-02-17 12:33:03","2025-02-17 12:33:03","abstract",NULL,"0"
"153","153","SN",,"2025-02-17 12:33:26","2025-02-17 12:33:26","abstract",NULL,"0"
"154","154","SN",,"2025-02-17 12:34:00","2025-02-17 12:34:00","abstract","No pre-post design","1"
"155","155","SN",,"2025-02-17 12:34:39","2025-02-17 12:34:39","abstract","No group comparison","1"
"156","156","SN","does not seem to have any intervention with pre/post measures","2025-02-17 12:35:36","2025-02-17 12:35:36","abstract","No pre-post design","1"
"157","157","SN",,"2025-02-17 12:36:07","2025-02-17 12:36:07","abstract",NULL,"0"
"158","158","SN","the abstract states that both within and between group comparisons were performed, but it is unclear whether they were combined","2025-02-17 12:37:15","2025-02-17 12:37:15","abstract",NULL,"0"
"159","159","SN",,"2025-02-17 12:37:34","2025-02-17 12:37:34","abstract",NULL,"0"
"160","160","SN",,"2025-02-17 12:37:55","2025-02-17 12:37:55","abstract",NULL,"0"
"161","1","TS",,"2025-02-17 13:25:17","2025-02-17 13:25:17","abstract",NULL,"0"
"162","2","TS",,"2025-02-17 13:28:39","2025-02-17 13:28:39","abstract","No group comparison","1"
"163","3","TS",,"2025-02-17 14:33:41","2025-02-17 14:33:41","abstract","No group comparison","1"
"164","161","SN","unclear design, maybe not really an exercise intervention","2025-02-18 11:38:24","2025-02-18 11:38:24","abstract",NULL,"0"
"165","162","SN",,"2025-02-18 11:39:00","2025-02-18 11:39:00","abstract","No pre-post design","1"
"166","163","SN",,"2025-02-18 11:39:32","2025-02-18 11:39:32","abstract",NULL,"0"
"167","164","SN","unclear if design fits, maybe not really an exercise intervention","2025-02-18 11:40:39","2025-02-18 11:40:39","abstract",NULL,"0"
"168","165","SN",,"2025-02-18 11:45:02","2025-02-18 11:45:02","abstract",NULL,"0"
"169","166","SN",,"2025-02-18 11:46:15","2025-02-18 11:46:15","abstract","No exercise intervention","1"
"170","167","SN",,"2025-02-18 11:56:37","2025-02-18 11:56:37","abstract","No pre-post design","1"
"171","168","SN",,"2025-02-18 11:57:05","2025-02-18 11:57:25","abstract","No pre-post design","1"
"172","169","SN","It does not sound like there was any baseline measurement of injury risk","2025-02-18 11:59:27","2025-02-18 11:59:27","abstract","No pre-post design","1"
"173","170","SN",,"2025-02-18 12:00:04","2025-02-18 12:00:04","abstract",NULL,"0"
"174","171","SN",,"2025-02-18 12:00:46","2025-02-18 12:00:46","abstract","No pre-post design","1"
"175","172","SN",,"2025-02-18 12:17:38","2025-02-18 12:17:38","abstract",NULL,"0"
"176","173","SN",,"2025-02-18 12:19:01","2025-02-18 12:19:01","abstract","No group comparison","1"
"177","174","SN","pre-post meals, but not a typical pre-post design","2025-02-18 12:20:22","2025-02-18 12:20:22","abstract","No pre-post design","1"
"178","175","SN","I don&#039;t think the design is fitting","2025-02-18 12:22:16","2025-02-18 12:22:16","abstract","No pre-post design","1"
"179","176","SN",,"2025-02-18 12:22:52","2025-02-18 12:22:52","abstract","No group comparison","1"
"180","177","SN",,"2025-02-18 12:25:22","2025-02-18 12:25:22","abstract",NULL,"0"
"181","178","SN","Seems like an acute intervention without a true pre measurement","2025-02-18 12:26:22","2025-02-18 12:26:22","abstract","No pre-post design","1"
"182","179","SN",,"2025-02-18 12:26:39","2025-02-18 12:26:39","abstract",NULL,"0"
"183","180","SN",,"2025-02-18 12:27:24","2025-02-18 12:27:24","abstract",NULL,"0"
"184","181","SN","maybe no control group","2025-02-18 12:28:50","2025-02-18 12:28:50","abstract",NULL,"0"
"185","182","SN",,"2025-02-18 12:29:30","2025-02-18 12:29:30","abstract",NULL,"0"
"186","4","TS",,"2025-02-18 14:21:23","2025-02-18 14:21:23","abstract","No group comparison","1"
"187","5","TS",,"2025-02-18 14:30:18","2025-02-18 14:30:18","abstract",NULL,"0"
"188","6","TS","Is this a &quot;exercise&quot; Intervention?","2025-02-18 14:37:50","2025-02-18 14:37:50","abstract",NULL,"0"
"189","7","TS",,"2025-02-18 14:40:42","2025-02-18 14:40:42","abstract",NULL,"0"
"190","8","TS",,"2025-02-18 14:57:37","2025-02-18 14:57:37","abstract","No group comparison","1"
"191","9","TS",,"2025-02-18 14:59:24","2025-02-18 14:59:24","abstract",NULL,"0"
"192","183","SN","unclear design","2025-02-18 15:47:58","2025-02-18 15:47:58","abstract",NULL,"0"
"193","184","SN",,"2025-02-18 15:48:33","2025-02-18 15:48:33","abstract",NULL,"0"
"194","185","SN",,"2025-02-18 15:49:09","2025-02-18 15:49:09","abstract","No pre-post design","1"
"195","186","SN",,"2025-02-18 15:49:33","2025-02-18 15:49:33","abstract",NULL,"0"
"196","187","SN",,"2025-02-18 15:50:05","2025-02-18 15:50:05","abstract","No pre-post design","1"
"197","188","SN",,"2025-02-18 15:50:32","2025-02-18 15:50:32","abstract","No group comparison","1"
"198","189","SN","may be no pre-post design","2025-02-18 15:51:23","2025-02-18 15:51:23","abstract",NULL,"0"
"199","190","SN",,"2025-02-18 15:51:39","2025-02-18 15:51:39","abstract",NULL,"0"
"200","191","SN",,"2025-02-18 15:51:56","2025-02-18 15:51:56","abstract","No pre-post design","1"
"201","192","SN","design may be incompatible, as the main comparison is specific vs unspecific changes instead of treatment vs control changes. From a theoretical perspective this should not be an issue, but the abstract reads as if only within group comparisons were made","2025-02-18 15:53:58","2025-02-18 15:53:58","abstract",NULL,"0"
"202","193","SN",,"2025-02-18 15:54:11","2025-02-18 15:54:11","abstract",NULL,"0"
"203","194","SN",,"2025-02-18 15:54:55","2025-02-18 15:54:55","abstract","No pre-post design","1"
"204","195","SN",,"2025-02-18 15:55:48","2025-02-18 15:55:48","abstract","No group comparison","1"
"205","196","SN","Design is unclear and seems to be an acute pharmocological intervention instead of exercise","2025-02-18 15:58:53","2025-02-18 15:58:53","abstract",NULL,"0"
"206","197","SN",,"2025-02-18 15:59:20","2025-02-18 15:59:20","abstract",NULL,"0"
"207","198","SN",,"2025-02-18 15:59:58","2025-02-18 15:59:58","abstract",NULL,"0"
"208","199","SN",,"2025-02-18 16:00:53","2025-02-18 16:00:53","abstract","No pre-post design","1"
"209","200","SN",,"2025-02-18 16:01:35","2025-02-18 16:01:35","abstract",NULL,"0"
"210","201","SN","may not really be an exercise intervention","2025-02-18 16:02:01","2025-02-18 16:02:01","abstract",NULL,"0"
"211","202","SN",,"2025-02-18 16:03:30","2025-02-18 16:03:30","abstract",NULL,"0"
"212","203","SN","unclear if design fits","2025-02-18 16:04:32","2025-02-18 16:04:32","abstract",NULL,"0"
"213","204","SN",,"2025-02-18 16:04:45","2025-02-18 16:04:45","abstract",NULL,"0"
"214","205","SN","unclear if pre-post","2025-02-18 16:05:22","2025-02-18 16:05:22","abstract",NULL,"0"
"215","206","SN",,"2025-02-18 16:05:50","2025-02-18 16:05:50","abstract","No pre-post design","1"
"216","207","SN",,"2025-02-18 16:06:16","2025-02-18 16:06:16","abstract","No pre-post design","1"
"217","208","SN","unclear if group comparison","2025-02-18 16:06:59","2025-02-18 16:06:59","abstract",NULL,"0"
"218","209","SN",,"2025-02-18 16:07:55","2025-02-18 16:07:55","abstract",NULL,"0"
"219","1","SN","forest plots are in the supplementary materials","2025-02-18 16:15:17","2025-02-18 16:15:17","fulltext",NULL,"0"
"220","5","SN",,"2025-02-18 16:16:38","2025-02-18 16:16:38","fulltext",NULL,"0"
"221","6","SN",,"2025-02-18 16:22:00","2025-02-18 16:22:00","fulltext",NULL,"0"
"222","7","SN",,"2025-02-18 16:24:34","2025-02-18 16:24:34","fulltext",NULL,"0"
"223","9","SN",,"2025-02-18 16:26:37","2025-02-18 16:26:37","fulltext",NULL,"0"
"224","10","TS",,"2025-02-20 09:25:12","2025-02-20 09:25:12","abstract",NULL,"0"
"225","11","TS",,"2025-02-20 09:26:22","2025-02-20 09:26:22","abstract","No pre-post design","1"
"226","12","TS","prospective study","2025-02-20 09:28:29","2025-02-20 09:28:29","abstract","No pre-post design","1"
"227","13","TS",,"2025-02-20 09:29:51","2025-02-20 09:29:51","abstract",NULL,"0"
"228","14","TS",,"2025-02-20 09:31:52","2025-02-20 09:31:52","abstract","No pre-post design","1"
"229","15","TS",,"2025-02-20 09:34:10","2025-02-20 09:34:10","abstract","No group comparison","1"
"230","16","TS","pre-post design ?","2025-02-20 09:36:10","2025-02-20 09:36:10","abstract",NULL,"0"
"231","17","TS",,"2025-02-20 09:36:50","2025-02-20 09:36:50","abstract","No pre-post design","1"
"232","18","TS",,"2025-02-20 09:38:10","2025-02-20 09:38:10","abstract",NULL,"0"
"233","19","TS",,"2025-02-20 09:39:46","2025-02-20 09:39:46","abstract",NULL,"0"
"234","20","TS",,"2025-02-20 09:41:10","2025-02-20 09:41:10","abstract",NULL,"0"
"235","10","SN","Fits the inclusion criteria. But it seems we will not be able to use the study to answer our research question, as a different statistical approach was taken (Bayesian one-stage IPD analysis).","2025-02-20 10:22:28","2025-02-20 10:22:28","fulltext",NULL,"0"
"236","13","SN","maybe rather a dietary intervention for exercise than an exercise intervention","2025-02-20 10:26:07","2025-02-20 10:26:45","fulltext",NULL,"0"
"237","18","SN",,"2025-02-20 10:30:25","2025-02-20 10:30:25","fulltext",NULL,"0"
"238","19","SN","Matches inclusion criteria, but may be challenging to analyse, because it is a model-based meta-analysis","2025-02-20 10:32:49","2025-02-20 10:32:49","fulltext",NULL,"0"
"239","21","TS",,"2025-02-21 09:04:32","2025-02-21 09:04:32","abstract",NULL,"0"
"240","22","TS",,"2025-02-21 09:40:08","2025-02-21 09:40:08","abstract",NULL,"0"
"241","23","TS",,"2025-02-21 09:52:15","2025-02-21 09:52:15","abstract",NULL,"0"
"242","24","TS",,"2025-02-21 10:31:22","2025-02-21 10:31:22","abstract",NULL,"0"
"243","25","TS","Is it a Pre- Post- Design?","2025-02-21 10:39:46","2025-02-21 10:39:46","abstract",NULL,"0"
"244","26","TS",,"2025-02-21 10:46:53","2025-02-21 10:46:53","abstract",NULL,"0"
"245","27","TS",,"2025-02-21 10:47:50","2025-02-21 10:47:50","abstract","No group comparison","1"
"246","28","TS","Group comparison = pre diabetes vs. T2DM ?","2025-02-21 10:50:23","2025-02-21 10:50:23","abstract",NULL,"0"
"247","29","TS",,"2025-02-21 10:53:35","2025-02-21 10:53:35","abstract",NULL,"0"
"248","30","TS","group comparison?","2025-02-21 11:13:33","2025-02-21 11:13:33","abstract",NULL,"0"
"249","31","TS",,"2025-02-23 22:23:02","2025-02-23 22:23:02","abstract",NULL,"0"
"250","32","TS","is there a group comparison?","2025-02-23 22:28:37","2025-02-23 22:28:37","abstract",NULL,"0"
"251","33","TS",,"2025-02-23 22:31:11","2025-02-23 22:31:11","abstract","No pre-post design","1"
"252","34","TS",,"2025-02-23 22:35:13","2025-02-23 22:35:13","abstract",NULL,"0"
"253","35","TS",,"2025-02-23 22:41:43","2025-02-23 22:41:43","abstract",NULL,"0"
"254","36","TS",,"2025-02-23 22:46:55","2025-02-23 22:46:55","abstract","No pre-post design","1"
"255","37","TS",,"2025-02-23 22:48:06","2025-02-23 22:48:06","abstract","No pre-post design","1"
"256","38","TS",,"2025-02-23 22:49:07","2025-02-23 22:49:07","abstract",NULL,"0"
"257","39","TS",,"2025-02-23 22:49:34","2025-02-23 22:49:34","abstract",NULL,"0"
"258","40","TS","group comparison?","2025-02-23 22:51:20","2025-02-23 22:51:20","abstract",NULL,"0"
"259","1","TS",,"2025-02-25 10:09:43","2025-02-25 10:09:43","fulltext",NULL,"0"
"260","5","TS",,"2025-02-25 10:14:51","2025-02-25 10:14:51","fulltext",NULL,"0"
"261","6","TS",,"2025-02-25 10:29:54","2025-02-25 10:29:54","fulltext",NULL,"0"
"262","7","TS",,"2025-02-25 11:42:13","2025-02-25 11:42:13","fulltext",NULL,"0"
"263","9","TS",,"2025-02-25 11:46:50","2025-02-25 11:46:50","fulltext",NULL,"0"
"264","10","TS",,"2025-02-25 12:21:38","2025-02-25 12:21:38","fulltext",NULL,"0"
"265","13","TS",,"2025-02-25 14:42:52","2025-02-25 14:42:52","fulltext",NULL,"0"
"266","18","TS",,"2025-02-25 15:22:18","2025-02-25 15:22:18","fulltext",NULL,"0"
"267","21","SN",,"2025-03-04 11:15:45","2025-03-04 11:15:45","fulltext",NULL,"0"
"268","22","SN","Seems like all studies have crossover design. But they also have pre- and post values for each comparison to be compared, so it should match the criteria.","2025-03-04 11:20:10","2025-03-04 11:20:10","fulltext",NULL,"0"
"269","2","JM","Not extremely clear on pre-post measures but include at abstract level","2025-03-12 19:01:09","2025-03-12 19:01:09","abstract",NULL,"0"
"270","3","JM","I&#039;m unclear as to whether there are group comparisons or pre to post design for an intervention so I chose to exclude","2025-03-12 19:04:07","2025-03-12 19:04:07","abstract","No group comparison","1"
"271","4","JM",,"2025-03-12 19:04:44","2025-03-12 19:04:44","abstract",NULL,"0"
"272","11","JM",,"2025-03-12 19:05:17","2025-03-12 19:05:17","abstract","No exercise intervention","1"
"273","12","JM",,"2025-03-12 19:05:50","2025-03-12 19:05:50","abstract","No exercise intervention","1"
"274","16","JM",,"2025-03-12 19:07:10","2025-03-12 19:07:10","abstract",NULL,"0"
"275","20","JM",,"2025-03-12 19:12:09","2025-03-12 19:12:09","abstract",NULL,"0"
"276","30","JM",,"2025-03-12 19:12:48","2025-03-12 19:12:48","abstract","No exercise intervention","1"
"277","33","JM",,"2025-03-12 19:13:14","2025-03-12 19:13:14","abstract",NULL,"0"
"278","36","JM",,"2025-03-12 19:15:24","2025-03-12 19:15:24","abstract",NULL,"0"
"279","41","JM",,"2025-03-12 19:15:50","2025-03-12 19:15:50","abstract",NULL,"0"
"280","42","JM",,"2025-03-12 19:16:27","2025-03-12 19:16:27","abstract",NULL,"0"
"281","43","JM",,"2025-03-12 19:17:14","2025-03-12 19:17:14","abstract",NULL,"0"
"282","44","JM",,"2025-03-12 19:17:48","2025-03-12 19:17:48","abstract",NULL,"0"
"283","45","JM",,"2025-03-12 19:21:44","2025-03-12 19:21:44","abstract",NULL,"0"
"284","46","JM","Not clear whether there was a pre post intervention (I know it says experimental studies) so will include but need to look at the full-text stage","2025-03-12 19:23:15","2025-03-12 19:23:15","abstract",NULL,"0"
"285","47","JM",,"2025-03-12 19:24:10","2025-03-12 19:24:10","abstract",NULL,"0"
"286","48","JM",,"2025-03-12 19:25:29","2025-03-12 19:25:29","abstract","No exercise intervention","1"
"287","49","JM","Unclear on whether there was definitely pre-post measures rather than just a comparison of AT-BFR and BFR but would review again at full-text phase","2025-03-12 19:30:48","2025-03-12 19:30:48","abstract",NULL,"0"
"288","50","JM",,"2025-03-12 19:31:39","2025-03-12 19:31:39","abstract",NULL,"0"
"289","51","JM",,"2025-03-12 19:34:49","2025-03-12 19:34:49","abstract",NULL,"0"
"290","52","JM",,"2025-03-12 19:36:01","2025-03-12 19:36:01","abstract",NULL,"0"
"291","53","JM","The main intervention seems to be photobiomodulation so I would exclude based on that?","2025-03-12 19:39:00","2025-03-12 19:39:00","abstract","No exercise intervention","1"
"292","54","JM","It does say &quot;the small number of experimental studies&quot; but it is not clear if this is a pre-post intervention. I would like to review at full text stage","2025-03-12 19:40:46","2025-03-12 19:40:46","abstract",NULL,"0"
"293","55","JM",,"2025-03-12 19:41:06","2025-03-12 19:41:06","abstract",NULL,"0"
"294","56","JM",,"2025-03-12 19:41:44","2025-03-12 19:41:44","abstract",NULL,"0"
"295","57","JM",,"2025-03-12 19:42:53","2025-03-12 19:42:53","abstract","No pre-post design","1"
"296","58","JM","Not entirely sure about pre post measures as it talks about group comparisons mostly but would like to review at full text stage","2025-03-12 19:44:13","2025-03-12 19:44:13","abstract",NULL,"0"
"297","59","JM",,"2025-03-12 19:44:42","2025-03-12 19:44:42","abstract","No exercise intervention","1"
"298","60","JM",,"2025-03-12 19:45:42","2025-03-12 19:45:42","abstract",NULL,"0"
"299","61","JM",,"2025-03-12 19:46:24","2025-03-12 19:46:24","abstract",NULL,"0"
"300","62","JM",,"2025-03-12 19:46:58","2025-03-12 19:46:58","abstract",NULL,"0"
"301","63","JM",,"2025-03-12 19:55:57","2025-03-12 19:55:57","abstract",NULL,"0"
"302","64","JM",,"2025-03-12 19:56:27","2025-03-12 19:56:27","abstract",NULL,"0"
"303","65","JM",,"2025-03-12 19:57:16","2025-03-12 19:57:16","abstract",NULL,"0"
"304","66","JM",,"2025-03-12 19:57:49","2025-03-12 19:57:49","abstract","No exercise intervention","1"
"305","67","JM",,"2025-03-12 19:58:08","2025-03-12 19:58:08","abstract","No exercise intervention","1"
"306","68","JM",,"2025-03-12 19:58:22","2025-03-12 19:58:22","abstract",NULL,"0"
"307","69","JM",,"2025-03-12 19:58:39","2025-03-12 19:58:39","abstract","No exercise intervention","1"
"308","70","JM",,"2025-03-12 19:58:53","2025-03-12 19:58:53","abstract","No exercise intervention","1"
"309","71","JM",,"2025-03-12 19:59:14","2025-03-12 19:59:14","abstract","No exercise intervention","1"
"310","72","JM",,"2025-03-12 19:59:52","2025-03-12 19:59:52","abstract","No exercise intervention","1"
"311","73","JM",,"2025-03-12 20:00:52","2025-03-12 20:00:52","abstract","No group comparison","1"
"312","74","JM",,"2025-03-12 20:01:14","2025-03-12 20:01:14","abstract","No exercise intervention","1"
"313","75","JM",,"2025-03-12 20:01:41","2025-03-12 20:01:41","abstract",NULL,"0"
"314","76","JM",,"2025-03-12 20:02:35","2025-03-12 20:02:35","abstract","No exercise intervention","1"
"315","77","JM",,"2025-03-12 20:03:04","2025-03-12 20:03:04","abstract",NULL,"0"
"316","78","JM","There were interventions but not exercise interventions: transcranial direct current stimulation, person-fit, mindfulness, glucose supplementation, caffeine mouth rinsing, and nature exposure
Outcomes were related to exercise","2025-03-12 20:04:25","2025-03-12 20:04:25","abstract","No exercise intervention","1"
"317","79","JM",,"2025-03-12 20:04:43","2025-03-12 20:04:43","abstract",NULL,"0"
"318","80","JM",,"2025-03-12 20:05:20","2025-03-12 20:05:20","abstract",NULL,"0"
"319","81","JM",,"2025-03-12 20:05:39","2025-03-12 20:05:39","abstract","No exercise intervention","1"
"320","82","JM",,"2025-03-12 20:06:01","2025-03-12 20:06:01","abstract",NULL,"0"
"321","83","JM",,"2025-03-12 20:10:22","2025-03-12 20:10:22","abstract",NULL,"0"
"322","84","JM",,"2025-03-12 20:10:45","2025-03-12 20:10:45","abstract","No exercise intervention","1"
"323","85","JM",,"2025-03-12 20:11:21","2025-03-12 20:11:21","abstract",NULL,"0"
"324","86","JM",,"2025-03-12 20:12:05","2025-03-12 20:12:05","abstract",NULL,"0"
"325","87","JM",,"2025-03-12 20:12:20","2025-03-12 20:12:20","abstract",NULL,"0"
"326","88","JM","Unclear if there were group comparisons so would need to check at full text level but hits other criteria","2025-03-12 20:13:34","2025-03-12 20:13:34","abstract",NULL,"0"
"327","89","JM",,"2025-03-12 20:13:51","2025-03-12 20:13:51","abstract","No exercise intervention","1"
"328","90","JM",,"2025-03-12 20:14:32","2025-03-12 20:14:32","abstract",NULL,"0"
"329","91","JM",,"2025-03-12 20:15:06","2025-03-12 20:15:06","abstract","No exercise intervention","1"
"330","92","JM",,"2025-03-12 20:15:22","2025-03-12 20:15:22","abstract",NULL,"0"
"331","93","JM",,"2025-03-12 20:15:45","2025-03-12 20:15:45","abstract","No exercise intervention","1"
"332","94","JM",,"2025-03-12 20:16:14","2025-03-12 20:16:14","abstract","No exercise intervention","1"
"333","95","JM",,"2025-03-12 20:16:48","2025-03-12 20:16:48","abstract",NULL,"0"
"334","96","JM",,"2025-03-12 20:17:21","2025-03-12 20:17:21","abstract",NULL,"0"
"335","97","JM",,"2025-03-12 20:17:37","2025-03-12 20:17:37","abstract",NULL,"0"
"336","98","JM",,"2025-03-12 20:17:59","2025-03-12 20:17:59","abstract","No exercise intervention","1"
"337","99","JM",,"2025-03-12 20:18:15","2025-03-12 20:18:15","abstract",NULL,"0"
"338","100","JM",,"2025-03-12 20:18:42","2025-03-12 20:18:42","abstract","No exercise intervention","1"
"339","101","JM",,"2025-03-12 20:19:22","2025-03-12 20:19:22","abstract",NULL,"0"
"340","102","JM",,"2025-03-12 20:19:32","2025-03-12 20:19:32","abstract",NULL,"0"
"341","103","JM",,"2025-03-12 20:20:09","2025-03-12 20:20:09","abstract",NULL,"0"
"342","104","JM",,"2025-03-12 20:20:33","2025-03-12 20:20:33","abstract",NULL,"0"
"343","105","JM","Unsure about this one because its technically not an exercise intervention, but the screeening instructions say &quot;psychological intervention programs for sports&quot;","2025-03-12 20:21:54","2025-03-12 20:21:54","abstract",NULL,"0"
"344","106","JM",,"2025-03-12 20:22:20","2025-03-12 20:22:20","abstract",NULL,"0"
"345","107","JM",,"2025-03-12 20:22:44","2025-03-12 20:22:44","abstract","No exercise intervention","1"
"346","108","JM",,"2025-03-12 20:23:20","2025-03-12 20:23:20","abstract","No exercise intervention","1"
"347","109","JM",,"2025-03-12 20:23:40","2025-03-12 20:23:40","abstract",NULL,"0"
"348","2","TS",,"2025-03-14 16:27:56","2025-03-14 16:27:56","fulltext",NULL,"0"
"349","4","TS",,"2025-03-14 20:18:39","2025-03-14 20:18:39","fulltext",NULL,"0"
"350","16","TS",,"2025-03-14 20:33:23","2025-03-14 20:33:23","fulltext",NULL,"0"
"351","110","JM","Exercise outcomes but not a specific exercise intervention","2025-03-14 22:29:51","2025-03-14 22:29:51","abstract","No exercise intervention","1"
"352","111","JM",,"2025-03-14 22:30:25","2025-03-14 22:30:25","abstract",NULL,"0"
"353","112","JM",,"2025-03-14 22:30:53","2025-03-14 22:30:53","abstract","No exercise intervention","1"
"354","113","JM",,"2025-03-14 22:31:03","2025-03-14 22:31:03","abstract",NULL,"0"
"355","114","JM",,"2025-03-14 22:35:37","2025-03-14 22:35:37","abstract",NULL,"0"
"356","115","JM",,"2025-03-14 22:36:22","2025-03-14 22:36:22","abstract",NULL,"0"
"357","116","JM","meta-review not a meta-analysis","2025-03-14 22:36:59","2025-03-14 22:36:59","abstract","No meta-analysis","1"
"358","117","JM",,"2025-03-14 22:37:28","2025-03-14 22:37:28","abstract",NULL,"0"
"359","118","JM",,"2025-03-14 22:37:47","2025-03-14 22:37:47","abstract","No exercise intervention","1"
"360","119","JM",,"2025-03-14 22:38:04","2025-03-14 22:38:04","abstract",NULL,"0"
"361","120","JM",,"2025-03-14 22:39:03","2025-03-14 22:39:03","abstract",NULL,"0"
"362","121","JM",,"2025-03-14 22:41:59","2025-03-14 22:41:59","abstract","No exercise intervention","1"
"363","122","JM",,"2025-03-14 22:42:32","2025-03-14 22:42:32","abstract",NULL,"0"
"364","123","JM",,"2025-03-14 22:43:56","2025-03-14 22:43:56","abstract","No exercise intervention","1"
"365","124","JM",,"2025-03-14 22:44:23","2025-03-14 22:44:23","abstract","No exercise intervention","1"
"366","125","JM",,"2025-03-14 22:44:52","2025-03-14 22:44:52","abstract","No exercise intervention","1"
"367","126","JM",,"2025-03-14 22:45:27","2025-03-14 22:45:27","abstract",NULL,"0"
"368","127","JM",,"2025-03-14 22:45:54","2025-03-14 22:45:54","abstract","No exercise intervention","1"
"369","128","JM",,"2025-03-14 22:48:25","2025-03-14 22:48:25","abstract",NULL,"0"
"370","129","JM",,"2025-03-14 22:48:50","2025-03-14 22:48:50","abstract",NULL,"0"
"371","130","JM",,"2025-03-14 22:49:05","2025-03-14 22:49:05","abstract","No exercise intervention","1"
"372","131","JM",,"2025-03-14 22:50:00","2025-03-14 22:50:00","abstract",NULL,"0"
"373","132","JM",,"2025-03-14 22:50:20","2025-03-14 22:50:20","abstract",NULL,"0"
"374","133","JM",,"2025-03-14 22:51:06","2025-03-14 22:51:06","abstract","No exercise intervention","1"
"375","134","JM",,"2025-03-14 22:51:37","2025-03-14 22:51:37","abstract",NULL,"0"
"376","135","JM","I would include for now but pre to post measures not reported - potentially strength and range of motion? Would have to see full text","2025-03-14 22:54:03","2025-03-14 22:54:03","abstract",NULL,"0"
"377","136","JM",,"2025-03-14 22:54:16","2025-03-14 22:54:16","abstract",NULL,"0"
"378","137","JM",,"2025-03-14 22:54:43","2025-03-14 22:54:43","abstract",NULL,"0"
"379","138","JM",,"2025-03-14 22:55:16","2025-03-14 22:55:16","abstract","No exercise intervention","1"
"380","139","JM",,"2025-03-14 22:55:30","2025-03-14 22:55:30","abstract",NULL,"0"
"381","140","JM",,"2025-03-14 22:55:45","2025-03-14 22:55:45","abstract",NULL,"0"
"382","19","TS","Criteria are fulfilled, but it is a special kind of Meta Analysis","2025-03-18 11:04:24","2025-03-18 11:04:24","fulltext",NULL,"0"
"383","20","TS",,"2025-03-18 11:11:50","2025-03-18 11:11:50","fulltext","No exercise intervention","1"
"384","22","TS",,"2025-03-18 11:48:05","2025-03-18 11:48:05","fulltext",NULL,"0"
"385","23","TS",,"2025-03-18 11:52:21","2025-03-18 11:52:21","fulltext","No group comparison","1"
"386","25","TS",,"2025-03-18 12:08:14","2025-03-18 12:08:14","fulltext",NULL,"0"
"387","26","TS",,"2025-03-18 14:13:24","2025-03-18 14:13:24","fulltext",NULL,"0"
"388","141","JM",,"2025-03-19 10:40:00","2025-03-19 10:40:00","abstract","No exercise intervention","1"
"389","142","JM",,"2025-03-19 10:40:40","2025-03-19 10:40:40","abstract",NULL,"0"
"390","143","JM",,"2025-03-19 10:41:22","2025-03-19 10:41:22","abstract","No exercise intervention","1"
"391","144","JM",,"2025-03-19 10:48:17","2025-03-19 10:48:17","abstract",NULL,"0"
"392","145","JM",,"2025-03-19 10:48:28","2025-03-19 10:48:28","abstract",NULL,"0"
"393","146","JM",,"2025-03-19 10:54:39","2025-03-19 10:54:39","abstract",NULL,"0"
"394","147","JM",,"2025-03-19 10:55:31","2025-03-19 10:55:31","abstract",NULL,"0"
"395","148","JM",,"2025-03-19 10:55:48","2025-03-19 10:55:48","abstract",NULL,"0"
"396","149","JM",,"2025-03-19 10:56:06","2025-03-19 10:56:06","abstract",NULL,"0"
"397","150","JM","Not sure about this one - is there an exercise intervention - need to check full text","2025-03-19 10:57:01","2025-03-19 10:57:01","abstract",NULL,"0"
"398","151","JM",,"2025-03-19 13:31:45","2025-03-19 13:31:45","abstract",NULL,"0"
"399","152","JM",,"2025-03-19 13:35:30","2025-03-19 13:35:30","abstract",NULL,"0"
"400","153","JM",,"2025-03-19 13:42:25","2025-03-19 13:42:25","abstract",NULL,"0"
"401","154","JM",,"2025-03-19 13:43:19","2025-03-19 13:43:19","abstract","No exercise intervention","1"
"402","155","JM",,"2025-03-19 13:43:36","2025-03-19 13:43:36","abstract","No exercise intervention","1"
"403","156","JM",,"2025-03-19 13:44:14","2025-03-19 13:44:14","abstract",NULL,"0"
"404","157","JM",,"2025-03-19 13:44:26","2025-03-19 13:44:26","abstract",NULL,"0"
"405","24","TS",,"2025-03-19 14:35:12","2025-03-19 14:35:12","fulltext",NULL,"0"
"406","28","TS",,"2025-03-19 14:43:34","2025-03-19 14:43:34","fulltext",NULL,"0"
"407","29","TS",,"2025-03-19 15:05:16","2025-03-19 15:05:16","fulltext",NULL,"0"
"408","31","TS",,"2025-03-19 15:27:56","2025-03-19 15:27:56","fulltext",NULL,"0"
"409","158","JM",,"2025-03-19 16:18:47","2025-03-19 16:18:47","abstract",NULL,"0"
"410","159","JM",,"2025-03-19 16:19:05","2025-03-19 16:19:05","abstract",NULL,"0"
"411","160","JM",,"2025-03-19 16:19:18","2025-03-19 16:19:18","abstract",NULL,"0"
"412","161","JM",,"2025-03-19 16:19:44","2025-03-19 16:19:44","abstract",NULL,"0"
"413","162","JM","Would include for now but not 100% clear on the intervention","2025-03-19 16:20:49","2025-03-19 16:20:49","abstract",NULL,"0"
"414","163","JM",,"2025-03-19 16:45:43","2025-03-19 16:45:43","abstract",NULL,"0"
"415","164","JM",,"2025-03-19 16:51:35","2025-03-19 16:51:35","abstract",NULL,"0"
"416","165","JM",,"2025-03-19 16:51:55","2025-03-19 16:51:55","abstract",NULL,"0"
"417","166","JM",,"2025-03-19 16:52:43","2025-03-19 16:52:43","abstract",NULL,"0"
"418","167","JM",,"2025-03-19 17:05:06","2025-03-19 17:05:06","abstract","No exercise intervention","1"
"419","168","JM",,"2025-03-19 17:05:45","2025-03-19 17:05:45","abstract","No exercise intervention","1"
"420","169","JM",,"2025-03-19 17:06:00","2025-03-19 17:06:00","abstract",NULL,"0"
"421","170","JM",,"2025-03-19 17:09:03","2025-03-19 17:09:03","abstract",NULL,"0"
"422","171","JM",,"2025-03-19 17:09:18","2025-03-19 17:09:18","abstract","No exercise intervention","1"
"423","172","JM",,"2025-03-19 17:09:30","2025-03-19 17:09:30","abstract",NULL,"0"
"424","173","JM",,"2025-03-19 17:11:47","2025-03-19 17:11:47","abstract","No exercise intervention","1"
"425","174","JM",,"2025-03-19 17:12:21","2025-03-19 17:12:21","abstract",NULL,"0"
"426","175","JM","Based on screening instructions, I would not define this as an exercise intervention although there are exercise outcomes","2025-03-19 17:13:38","2025-03-19 17:13:38","abstract","No exercise intervention","1"
"427","176","JM",,"2025-03-19 17:13:52","2025-03-19 17:13:52","abstract","No exercise intervention","1"
"428","177","JM",,"2025-03-19 17:14:14","2025-03-19 17:14:14","abstract",NULL,"0"
"429","178","JM",,"2025-03-19 17:14:39","2025-03-19 17:14:39","abstract",NULL,"0"
"430","179","JM",,"2025-03-19 17:15:16","2025-03-19 17:15:16","abstract",NULL,"0"
"431","180","JM","Not clear on the group comparison but would include for now","2025-03-19 17:16:45","2025-03-19 17:16:45","abstract",NULL,"0"
"432","181","JM",,"2025-03-19 17:17:19","2025-03-19 17:17:19","abstract",NULL,"0"
"433","182","JM",,"2025-03-19 17:18:05","2025-03-19 17:18:05","abstract",NULL,"0"
"434","183","JM",,"2025-03-19 17:18:37","2025-03-19 17:18:37","abstract",NULL,"0"
"435","184","JM",,"2025-03-19 17:18:46","2025-03-19 17:18:46","abstract",NULL,"0"
"436","185","JM",,"2025-03-19 17:18:59","2025-03-19 17:18:59","abstract","No exercise intervention","1"
"437","186","JM",,"2025-03-19 17:19:15","2025-03-19 17:19:15","abstract",NULL,"0"
"438","187","JM",,"2025-03-19 17:19:33","2025-03-19 17:19:33","abstract","No exercise intervention","1"
"439","188","JM",,"2025-03-19 17:19:46","2025-03-19 17:19:46","abstract","No exercise intervention","1"
"440","189","JM",,"2025-03-19 17:21:44","2025-03-19 17:21:44","abstract",NULL,"0"
"441","190","JM",,"2025-03-19 17:22:02","2025-03-19 17:22:02","abstract",NULL,"0"
"442","191","JM",,"2025-03-19 18:08:27","2025-03-19 18:08:27","abstract","No exercise intervention","1"
"443","192","JM",,"2025-03-19 18:11:18","2025-03-19 18:11:18","abstract",NULL,"0"
"444","193","JM",,"2025-03-19 18:11:29","2025-03-19 18:11:29","abstract",NULL,"0"
"445","194","JM",,"2025-03-19 18:11:43","2025-03-19 18:11:43","abstract",NULL,"0"
"446","195","JM",,"2025-03-19 18:12:05","2025-03-19 18:12:05","abstract","No exercise intervention","1"
"447","196","JM",,"2025-03-19 18:12:25","2025-03-19 18:12:25","abstract","No exercise intervention","1"
"448","197","JM",,"2025-03-19 18:12:38","2025-03-19 18:12:38","abstract",NULL,"0"
"449","198","JM",,"2025-03-19 18:12:57","2025-03-19 18:12:57","abstract","No exercise intervention","1"
"450","199","JM",,"2025-03-19 18:13:12","2025-03-19 18:13:12","abstract","No exercise intervention","1"
"451","200","JM",,"2025-03-19 18:13:29","2025-03-19 18:13:29","abstract",NULL,"0"
"452","201","JM","I do think this falls under screening instructions for exercise intervention (&quot;psychological intervention programs for sports&quot;) but then makes me wonder should I have included other abstracts that didnt directly have an exercise intervention but it impacted an exercise outcome","2025-03-19 18:14:59","2025-03-19 18:14:59","abstract",NULL,"0"
"453","202","JM",,"2025-03-19 18:15:34","2025-03-19 18:15:34","abstract",NULL,"0"
"454","203","JM","Need to check for the comparison properly in the full text","2025-03-19 18:16:24","2025-03-19 18:16:24","abstract",NULL,"0"
"455","204","JM","Comparison unclear - need to review full text","2025-03-19 18:17:06","2025-03-19 18:17:06","abstract",NULL,"0"
"456","205","JM",,"2025-03-19 18:17:56","2025-03-19 18:17:56","abstract","No group comparison","1"
"457","206","JM",,"2025-03-19 18:18:11","2025-03-19 18:18:11","abstract",NULL,"0"
"458","207","JM",,"2025-03-19 18:21:13","2025-03-19 18:21:13","abstract","No exercise intervention","1"
"459","208","JM",,"2025-03-19 18:21:29","2025-03-19 18:21:29","abstract","No pre-post design","1"
"460","209","JM",,"2025-03-19 18:21:46","2025-03-19 18:21:46","abstract",NULL,"0"
"461","32","TS","group comparison of multiple conditions to the same control condition","2025-03-21 07:51:22","2025-03-21 07:51:22","fulltext",NULL,"0"
"462","26","SN",,"2025-03-24 19:20:49","2025-03-24 19:20:49","fulltext",NULL,"0"
"463","23","SN","This meta-analysis investigates interventions (i.e., studies with pre-post design), but it focuses on intervention adherence and not on intervention outcomes. Therefore the investigated parameter is not measured twice but only once.","2025-03-24 19:25:03","2025-03-24 19:25:03","fulltext","No pre-post design","1"
"464","24","SN","matches criteria, but probably not possible to reanalyze because of missing forest plots/individual study extraction data in article and supplementary materials","2025-03-24 19:29:42","2025-03-24 19:29:42","fulltext",NULL,"0"
"465","25","SN",,"2025-03-24 19:32:19","2025-03-24 19:32:19","fulltext",NULL,"0"
"466","28","SN",,"2025-03-24 19:34:47","2025-03-24 19:34:47","fulltext",NULL,"0"
"467","29","SN",,"2025-03-24 19:36:00","2025-03-24 19:36:00","fulltext",NULL,"0"
"468","31","SN",,"2025-03-24 19:37:08","2025-03-24 19:37:08","fulltext",NULL,"0"
"469","32","SN",,"2025-03-24 19:39:16","2025-03-24 19:39:16","fulltext",NULL,"0"
"470","33","SN","two border cases here: 1. The intervention is a rather a nutrition intervention for exercise than an exercise intervention. But I understand the criterion of exercise intervention as rather broad. 2. The design is not directly pre-post but cross-over. The instruction says that cross-over design should be included.","2025-03-24 19:44:37","2025-03-24 19:44:37","fulltext",NULL,"0"
"471","34","SN",,"2025-03-24 19:46:06","2025-03-24 19:46:06","fulltext",NULL,"0"
"472","35","SN","This one is challenging. It matches all the inclusion criteria, but compares the variance of intervention effects instead of the mean effects. This means it does not fit the research purpose. Since it still perfectly matches the criteria, I decide to include it, but I strongly suggest to exclude it later during data extraction. Maybe we need to create a new exclusion category of articles excluded during extraction due to reasons not covered by the screening.","2025-03-24 19:51:10","2025-03-24 19:51:10","fulltext",NULL,"0"
"473","36","SN","This is a nutrition intervention for exercise, but not an exercise intervention. I understand this criterion as rather loose, so I would still include the study. The reanalysis may be challenging due to the Bayesian framework.","2025-03-24 19:55:40","2025-03-24 19:55:40","fulltext",NULL,"0"
"474","38","SN",,"2025-03-24 19:58:23","2025-03-24 19:58:23","fulltext",NULL,"0"
"475","39","SN","Not directly an exercise intervention in the strict sense but still meets the scope for me.","2025-03-24 20:00:26","2025-03-24 20:00:26","fulltext",NULL,"0"
"476","40","SN",,"2025-03-24 20:02:40","2025-03-24 20:02:40","fulltext",NULL,"0"
"477","2","SN",,"2025-03-26 12:14:43","2025-03-26 12:14:43","fulltext",NULL,"0"
"478","4","SN",,"2025-03-26 12:17:05","2025-03-26 12:17:05","fulltext",NULL,"0"
"479","16","SN","For me this is no exercise intervention (and also not really a group comparison). The study rather investigates the timecourse of physical characteristics following an injury (comparing the injured leg with the uninjured). But I cannot see an intervention in the classical way.","2025-03-26 12:20:51","2025-03-26 12:20:51","fulltext","No exercise intervention","1"
"480","20","SN","Similar to #016 by the same author, I do not consider this an exercise intervention","2025-03-26 12:22:04","2025-03-26 12:22:04","fulltext","No exercise intervention","1"
"481","41","SN","This is a combined nutritional + exercise intervention","2025-03-26 12:25:21","2025-03-26 12:25:21","fulltext",NULL,"0"
"482","42","SN","Okay, this article has three MAs: 1+2 are cross-sectional, they do have only one time point of measurement. MA 3 deals with intervention studies, but only aggregates within group changes for intervention and control groups, respectively, without statistically comparing them. So the MA either has no pre-post design, or has no group comparison.

- Edit: Okay, I realized that only because this MA does not use a statistical model to compare the intervention with the control group does not mean that it should be excluded. In other words, the design matches the designs we are looking for, and that it was not analyzed in a way we are interested in is a problem for data extraction rather than screening. So this may be an article to exclude during extraction.","2025-03-26 12:30:55","2025-03-26 12:33:36","fulltext",NULL,"0"
"483","43","SN",,"2025-03-26 12:35:49","2025-03-26 12:35:49","fulltext",NULL,"0"
"484","44","SN","As far as I can see most studies have no control group, and thus no group comparisons exist. Only within group comparisons (e.g., changes in the intervention group).","2025-03-26 12:39:41","2025-03-26 12:39:41","fulltext","No group comparison","1"
"485","45","SN",,"2025-03-26 12:41:55","2025-03-26 12:41:55","fulltext",NULL,"0"
"486","46","SN","Difficult on different levels. For me the most decisive aspect is that there are no exercise intervention. The interventions are anti-doping programs and the outcome is doping intention. This is of cause related to exercise, but for me not enough to be considered an &quot;exercise intervention&quot;. More a behavioral intervention to impact the susceptibility to cheating.","2025-03-26 12:50:02","2025-03-26 12:50:02","fulltext","No exercise intervention","1"
"487","47","SN","most of the MAs in this article focus on within-group changes, but some also compare intervention groups","2025-03-26 12:52:48","2025-03-26 12:52:48","fulltext",NULL,"0"
"488","49","SN",,"2025-03-26 12:54:23","2025-03-26 12:54:23","fulltext",NULL,"0"
"489","50","SN","Two remarks here: The intervention is a a adjust treatments+exercise, but this is enough for me to be considered an exercise intervention (or a variant hereof). Also, it is not explicitly stated that the baseline values are used for the analysis, but since only RCTs are included and the authors state &quot;Data were extracted for all evaluated timepoints (...)&quot; I consider this to deal with pre-post designs.","2025-03-26 13:01:55","2025-03-26 13:01:55","fulltext",NULL,"0"
"490","51","SN",,"2025-03-26 15:34:34","2025-03-26 15:34:34","fulltext",NULL,"0"
"491","52","SN","Difficult... The first MA in the article only investigates within group changes, so there is no group comparison. The second MA (Fig 4) matches the pre-post group comparison design (though it seems to be cross-over, which still means inclusion. BUT: Fig4 includes multiple comparisons from each study within the analysis with reverted signs, i.e., for one effect size one group is defined as control and the other as intervention, and for the next effect size the group definitions are reverted. This has no direct impact on our research question but certainly invalidates this particular MA.","2025-03-26 15:44:08","2025-03-26 15:44:08","fulltext",NULL,"0"
"492","55","SN","&quot;For the flexibility parameters, pre-intervention and post-intervention values plus standard deviations of the foam rolling and control groups were extracted&quot; seems to be it","2025-03-26 15:45:43","2025-03-26 15:45:43","fulltext",NULL,"0"
"493","56","SN","not exactly clear, but from the forest plot I conclude that the design matches the inclusion criteria","2025-03-26 15:49:54","2025-03-26 15:49:54","fulltext",NULL,"0"
"494","58","SN",,"2025-03-26 15:50:45","2025-03-26 15:50:45","fulltext",NULL,"0"
"495","60","SN","This MA only investigates within-group changes, but no group comparisons","2025-03-26 15:56:08","2025-03-26 15:56:08","fulltext","No group comparison","1"
"496","61","SN",,"2025-03-26 15:58:11","2025-03-26 15:58:11","fulltext",NULL,"0"
"497","62","SN",,"2025-03-26 15:59:54","2025-03-26 15:59:54","fulltext",NULL,"0"
"498","63","SN",,"2025-03-26 16:02:46","2025-03-26 16:02:46","fulltext",NULL,"0"
"499","64","SN","not exactly clear, but from what I understand should match the design.","2025-03-26 16:05:04","2025-03-26 16:05:04","fulltext",NULL,"0"
"500","65","SN","I&#039;m unsure about the analysis type. The design and aim seems to match the pre-post group comparison design. The methods section however sound as if effects were calculated only within groups. But then during the network-MA groups were compared. As the screening criteria still match, I decided to vote for include, but problems may arise during data extraction.","2025-03-26 16:08:56","2025-03-26 16:08:56","fulltext",NULL,"0"
"501","68","SN",,"2025-03-26 16:11:04","2025-03-26 16:11:04","fulltext",NULL,"0"
"502","75","SN","not exactly clear if the data analysis matches the type of analysis we are looking for, but the study design certainly does","2025-03-26 16:13:49","2025-03-26 16:13:49","fulltext",NULL,"0"
"503","77","SN","The design does not match. Injuries were recorded over a year of intervention, so injury rates were only measured once and not twice (before and after the intervention).","2025-03-26 16:18:56","2025-03-26 16:18:56","fulltext",NULL,"0"
"504","79","SN",,"2025-03-26 16:20:01","2025-03-26 16:20:01","fulltext",NULL,"0"
"505","80","SN",,"2025-03-26 16:23:48","2025-03-26 16:23:48","fulltext",NULL,"0"
"506","82","SN","The MA compares injuries and injury rates among an intervention and a control group. Injuries are only measured over one time period, so the design is not pre-post","2025-03-26 16:27:31","2025-03-26 16:27:31","fulltext","No pre-post design","1"
"507","83","SN","The MA only investigates within group changes, but no group comparisons.","2025-03-26 16:32:06","2025-03-26 16:32:06","fulltext","No group comparison","1"
"508","85","SN","Two things: 1. It is not really clear if pre-post data was mandatory to be included. But the general design seems to be pre-post, see for example Fig 4 that clearly fits. Maybe the type of design was not fixed and the analysis method depended on the type of design included in the sub-analysis. 2. Not really clear if an exercise intervention, but for example Fig 3.1.2 clearly deals with (at least to a part) exercise interventions.","2025-03-26 16:41:56","2025-03-26 16:41:56","fulltext",NULL,"0"
"509","86","SN",,"2025-03-26 16:45:33","2025-03-26 16:45:33","fulltext",NULL,"0"
"510","87","SN",,"2025-03-26 16:49:57","2025-03-26 16:49:57","fulltext",NULL,"0"
"511","90","SN",,"2025-03-26 16:52:40","2025-03-26 16:52:40","fulltext",NULL,"0"
"512","92","SN",,"2025-03-26 16:54:01","2025-03-26 16:54:01","fulltext",NULL,"0"
"513","95","SN",,"2025-03-26 16:56:30","2025-03-26 16:56:30","fulltext",NULL,"0"
"514","96","SN","NMA may make it challenging to define this as truly group comparison analysis design. But the research design matches the inclusion criteria.","2025-03-26 16:59:03","2025-03-26 16:59:03","fulltext",NULL,"0"
"515","97","SN","there does not seem to be any group comparison, just within group analyses. Also a control group was not necessary for inclusion in this MA","2025-03-26 17:03:04","2025-03-26 17:03:04","fulltext","No group comparison","1"
"516","21","TS",,"2025-03-26 18:09:45","2025-03-26 18:09:45","fulltext",NULL,"0"
"517","33","TS",,"2025-03-26 18:25:15","2025-03-26 18:25:15","fulltext","No pre-post design","1"
"518","34","TS",,"2025-03-26 18:32:26","2025-03-26 18:32:26","fulltext",NULL,"0"
"519","35","TS",,"2025-03-26 18:36:33","2025-03-26 18:36:33","fulltext",NULL,"0"
"520","101","SN",,"2025-03-27 08:34:27","2025-03-27 08:34:27","fulltext",NULL,"0"
"521","102","SN",,"2025-03-27 08:35:35","2025-03-27 08:35:35","fulltext",NULL,"0"
"522","103","SN","only one time point of measurement is compared (so this is not a true pre-post design)","2025-03-27 08:37:47","2025-03-27 08:37:47","fulltext","No pre-post design","1"
"523","104","SN",,"2025-03-27 08:39:26","2025-03-27 08:39:26","fulltext",NULL,"0"
"524","105","SN","not really an exercise intervention but a psychological intervention for exercise performance. As per screening instructions this matches the inclusion criteria","2025-03-27 08:43:16","2025-03-27 08:43:16","fulltext",NULL,"0"
"525","106","SN","cooling intervention for exercise, not directly exercise intervention. But the main problem is the design, I think most studies have just one time point of measurement and no baseline performance values (cooling vs non-cooling, but no pre-values for both).","2025-03-27 08:48:08","2025-03-27 08:48:08","fulltext","No pre-post design","1"
"526","109","SN",,"2025-03-27 08:49:44","2025-03-27 08:49:44","fulltext",NULL,"0"
"527","111","SN",,"2025-03-27 08:52:12","2025-03-27 08:52:12","fulltext","No group comparison","1"
"528","113","SN",,"2025-03-27 08:53:31","2025-03-27 08:53:31","fulltext",NULL,"0"
"529","114","SN","Only within group MA","2025-03-27 08:54:48","2025-03-27 08:54:48","fulltext","No group comparison","1"
"530","117","SN",,"2025-03-27 08:55:47","2025-03-27 08:55:47","fulltext",NULL,"0"
"531","119","SN","It is unclear whether all included studies have baseline measures. So I cannot exactly say whether the MA investigates a pre-post design. Based on the outcome column in Tab 3 I assume that at least most of the included studies use baseline measures.","2025-03-27 09:03:55","2025-03-27 09:03:55","fulltext",NULL,"0"
"532","120","SN",,"2025-03-27 09:05:59","2025-03-27 09:05:59","fulltext",NULL,"0"
"533","122","SN","It seems that the MA compares post-values only, but the design investigated is likely pre-post.","2025-03-27 09:08:37","2025-03-27 09:08:37","fulltext",NULL,"0"
"534","126","SN",,"2025-03-27 09:15:50","2025-03-27 09:15:50","fulltext",NULL,"0"
"535","128","SN","may be difficult to analyze because of the statistical methods used, but matches inclusion criteria","2025-03-27 09:19:11","2025-03-27 09:19:11","fulltext",NULL,"0"
"536","129","SN",,"2025-03-27 09:20:47","2025-03-27 09:20:47","fulltext",NULL,"0"
"537","131","SN",,"2025-03-27 09:22:05","2025-03-27 09:22:05","fulltext",NULL,"0"
"538","132","SN","seems like the MA only extracted post-values, but the design should be pre-post","2025-03-27 09:25:01","2025-03-27 09:25:01","fulltext",NULL,"0"
"539","134","SN",,"2025-03-27 09:26:16","2025-03-27 09:26:16","fulltext",NULL,"0"
"540","136","SN",,"2025-03-27 09:29:06","2025-03-27 09:29:06","fulltext",NULL,"0"
"541","137","SN","exercise feedback intervention, seems that only the second MA (chronic effects) matches the pre-post design","2025-03-27 09:32:48","2025-03-27 09:32:48","fulltext",NULL,"0"
"542","139","SN","analysis seems to not consider the pre-post group comparison design of the studies included","2025-03-27 09:36:55","2025-03-27 09:36:55","fulltext",NULL,"0"
"543","140","SN","seems to only use post values, but design should be pre-post","2025-03-27 09:40:28","2025-03-27 09:40:28","fulltext",NULL,"0"
"544","144","SN","only one time point of measurement, no pre-post","2025-03-27 09:42:30","2025-03-27 09:42:30","fulltext","No pre-post design","1"
"545","145","SN","may only analyze post-values, but design should be pre-post","2025-03-27 09:45:07","2025-03-27 09:45:07","fulltext",NULL,"0"
"546","148","SN",,"2025-03-27 10:39:47","2025-03-27 10:39:47","fulltext",NULL,"0"
"547","149","SN",,"2025-03-27 10:40:52","2025-03-27 10:40:52","fulltext",NULL,"0"
"548","151","SN","only within group effect for different levels of moderating variables, but no direct group comparison","2025-03-27 10:43:16","2025-03-27 10:43:16","fulltext","No group comparison","1"
"549","152","SN","not really clear if the design matches. From the abstract I would say yes: &quot;outcome measures were compared using baseline and post-intervention measures&quot;","2025-03-27 10:48:30","2025-03-27 10:48:30","fulltext",NULL,"0"
"550","153","SN",,"2025-03-27 10:51:31","2025-03-27 10:51:31","fulltext",NULL,"0"
"551","157","SN",,"2025-03-27 10:53:23","2025-03-27 10:53:23","fulltext",NULL,"0"
"552","158","SN","crossover, but matches design","2025-03-27 10:56:03","2025-03-27 10:56:03","fulltext",NULL,"0"
"553","159","SN","matches the criteria but may be difficult to analyze because it is a NMA","2025-03-27 10:59:36","2025-03-27 10:59:36","fulltext",NULL,"0"
"554","160","SN",,"2025-03-27 11:00:17","2025-03-27 11:00:17","fulltext",NULL,"0"
"555","161","SN","this seems to be rather a comparison of acute interventions without pre-values. I.e. sole is compared with no-sole, but no pre-measures are available for both.","2025-03-27 11:08:24","2025-03-27 11:08:24","fulltext","No pre-post design","1"
"556","163","SN",,"2025-03-27 11:09:47","2025-03-27 11:09:47","fulltext",NULL,"0"
"557","164","SN","rather a nutrition intervention for exercise than direct exercise intervention, but for me enough to fulfill the criterion","2025-03-27 11:12:09","2025-03-27 11:14:02","fulltext",NULL,"0"
"558","165","SN",,"2025-03-27 11:13:12","2025-03-27 11:13:12","fulltext",NULL,"0"
"559","170","SN",,"2025-03-27 11:15:19","2025-03-27 11:15:19","fulltext",NULL,"0"
"560","172","SN",,"2025-03-27 11:18:59","2025-03-27 11:18:59","fulltext",NULL,"0"
"561","177","SN",,"2025-03-27 11:19:48","2025-03-27 11:19:48","fulltext",NULL,"0"
"562","179","SN",,"2025-03-27 11:20:54","2025-03-27 11:20:54","fulltext",NULL,"0"
"563","180","SN",,"2025-03-27 11:23:09","2025-03-27 11:23:09","fulltext",NULL,"0"
"564","181","SN","not really clear how baseline data was dealt with, but the design should match pre-post","2025-03-27 11:25:31","2025-03-27 11:25:31","fulltext",NULL,"0"
"565","182","SN","should match design, but group comparison is not directly given as this is a NMA","2025-03-27 11:27:35","2025-03-27 11:27:35","fulltext",NULL,"0"
"566","183","SN","to me it seems like not pre-values are available. The MA deals with acute interventions (also not directly exercise but exposure to coldness), some seem to be cross-over, some parallel trend, but there is not a single mention that all have baseline values, so I would not consider this a pre-post design","2025-03-27 11:32:48","2025-03-27 11:32:48","fulltext","No pre-post design","1"
"567","184","SN",,"2025-03-27 11:33:35","2025-03-27 11:33:35","fulltext",NULL,"0"
"568","186","SN",,"2025-03-27 11:35:45","2025-03-27 11:35:45","fulltext",NULL,"0"
"569","189","SN","primary outcome is mortality, and there seem to be no baseline values of mortality, so this cannot considered a pre-post design","2025-03-27 11:38:43","2025-03-27 11:38:43","fulltext","No pre-post design","1"
"570","190","SN",,"2025-03-27 11:40:48","2025-03-27 11:40:48","fulltext",NULL,"0"
"571","192","SN",,"2025-03-27 11:41:48","2025-03-27 11:41:48","fulltext",NULL,"0"
"572","193","SN",,"2025-03-27 11:43:16","2025-03-27 11:43:16","fulltext",NULL,"0"
"573","197","SN",,"2025-03-27 11:45:18","2025-03-27 11:45:18","fulltext",NULL,"0"
"574","200","SN","should match the design, although it is not completely clear","2025-03-27 11:47:07","2025-03-27 11:47:07","fulltext",NULL,"0"
"575","201","SN","The MA deals with the effect of mindfulness-based interventions on mental health in (former) elite athletes. So neither the intervention nor the outcome is exercise, only the study population is/was exercising. This is a case where I would not consider it as an exercise intervention","2025-03-27 11:49:57","2025-03-27 11:49:57","fulltext","No exercise intervention","1"
"576","202","SN",,"2025-03-27 11:50:49","2025-03-27 11:50:49","fulltext",NULL,"0"
"577","203","SN","I cannot really find a group comparison. ES are within group and then a meta-regression is performed.","2025-03-27 14:06:40","2025-03-27 14:06:40","fulltext","No group comparison","1"
"578","204","SN","only within group analysis: &quot;Most studies did not include a no-exercise control, and so intervention
group–only effect sizes were used for primary analyses. &quot;","2025-03-27 14:09:10","2025-03-27 14:09:10","fulltext","No group comparison","1"
"579","209","SN",,"2025-03-27 14:11:14","2025-03-27 14:11:14","fulltext",NULL,"0"
"580","53","TS",,"2025-03-30 05:37:31","2025-03-30 05:37:31","abstract",NULL,"0"
"581","54","TS",,"2025-03-30 05:38:31","2025-03-30 05:38:31","abstract","No pre-post design","1"
"582","66","TS",,"2025-03-30 05:40:27","2025-03-30 05:40:27","abstract",NULL,"0"
"583","73","TS",,"2025-03-30 05:42:09","2025-03-30 05:42:09","abstract","No group comparison","1"
"584","78","TS",,"2025-03-30 05:44:41","2025-03-30 05:44:41","abstract","No group comparison","1"
"585","88","TS",,"2025-03-30 05:48:29","2025-03-30 05:48:29","abstract","No group comparison","1"
"586","89","TS",,"2025-03-30 05:49:21","2025-03-30 05:49:21","abstract",NULL,"0"
"587","98","TS",,"2025-03-30 05:50:51","2025-03-30 05:50:51","abstract","No group comparison","1"
"588","99","TS",,"2025-03-30 05:51:24","2025-03-30 05:51:24","abstract",NULL,"0"
"589","107","TS",,"2025-03-30 05:52:26","2025-03-30 05:52:26","abstract",NULL,"0"
"590","110","TS",,"2025-03-30 05:54:28","2025-03-30 05:54:28","abstract","No pre-post design","1"
"591","115","TS",,"2025-03-30 05:57:46","2025-03-30 05:57:46","abstract","No pre-post design","1"
"592","118","TS",,"2025-03-30 05:59:50","2025-03-30 05:59:50","abstract",NULL,"0"
"593","118","TS",,"2025-03-30 06:06:25","2025-03-30 06:06:25","fulltext","No pre-post design","1"
"594","36","TS",,"2025-03-30 06:11:27","2025-03-30 06:11:27","fulltext",NULL,"0"
"595","38","TS",,"2025-03-30 06:13:34","2025-03-30 06:13:34","fulltext",NULL,"0"
"596","39","TS",,"2025-03-30 06:17:51","2025-03-30 06:17:51","fulltext",NULL,"0"
"597","40","TS",,"2025-03-30 06:27:05","2025-03-30 06:27:05","fulltext",NULL,"0"
"598","53","SN","Neither the intervention (photobiomodulation) nor the outcome (pain) are directly related to exercise. Only the study population was (injured) athletes. For me this is not enough for the MA to be considered an exercise intervention MA","2025-03-31 10:11:06","2025-03-31 10:11:06","fulltext","No exercise intervention","1"
"599","66","SN","there seems to be no pre-data (or at least it is not required to be included in the MA).","2025-03-31 10:13:18","2025-03-31 10:13:18","fulltext","No pre-post design","1"
"600","89","SN","more a nutritional intervention with exercise performance as the outcome. But for me this fits the scope","2025-03-31 10:14:39","2025-03-31 10:14:39","fulltext",NULL,"0"
"601","99","SN","since length of hospital stay is the outcome, there is no pre-post design here","2025-03-31 10:16:18","2025-03-31 10:16:18","fulltext","No pre-post design","1"
"602","107","SN","exercise is the outcome, not the intervention. But as I interpret our guidelines this is enough to include the MA","2025-03-31 10:19:03","2025-03-31 10:19:03","fulltext",NULL,"0"
"603","118","SN","Seems to be crossover but not pre-post","2025-03-31 10:21:04","2025-03-31 10:21:04","fulltext","No pre-post design","1"
"604","123","RR",,"2025-03-31 15:45:10","2025-03-31 15:45:10","abstract","No pre-post design","1"
"605","135","RR",,"2025-03-31 15:46:40","2025-03-31 15:46:40","abstract","No pre-post design","1"
"606","142","RR",,"2025-03-31 15:49:42","2025-03-31 15:49:42","abstract",NULL,"0"
"607","147","RR",,"2025-03-31 15:50:48","2025-03-31 15:50:48","abstract","No group comparison","1"
"608","156","RR",,"2025-03-31 15:52:11","2025-03-31 15:52:11","abstract","No pre-post design","1"
"609","166","RR",,"2025-03-31 15:53:07","2025-03-31 15:53:07","abstract","No pre-post design","1"
"610","174","RR",,"2025-03-31 15:54:29","2025-03-31 15:54:29","abstract","No pre-post design","1"
"611","125","RR",,"2025-03-31 16:32:42","2025-03-31 16:32:42","abstract",NULL,"0"
"612","141","RR",,"2025-03-31 16:34:36","2025-03-31 16:34:36","abstract","No group comparison","1"
"613","146","RR",,"2025-03-31 16:37:06","2025-03-31 16:37:06","abstract","No group comparison","1"
"614","150","RR",,"2025-03-31 16:37:44","2025-03-31 16:37:44","abstract","No pre-post design","1"
"615","162","RR",,"2025-03-31 16:38:32","2025-03-31 16:38:32","abstract","No pre-post design","1"
"616","169","RR",,"2025-03-31 16:39:15","2025-03-31 16:39:15","abstract","No pre-post design","1"
"617","178","RR",,"2025-03-31 16:39:55","2025-03-31 16:39:55","abstract",NULL,"0"
"618","194","RR",,"2025-03-31 16:40:28","2025-03-31 16:40:28","abstract",NULL,"0"
"619","196","RR",,"2025-03-31 16:41:20","2025-03-31 16:41:20","abstract","No pre-post design","1"
"620","198","RR",,"2025-03-31 16:42:25","2025-03-31 16:42:25","abstract",NULL,"0"
"621","205","RR",,"2025-03-31 16:43:57","2025-03-31 16:43:57","abstract","No pre-post design","1"
"622","206","RR",,"2025-03-31 16:45:55","2025-03-31 16:45:55","abstract","No pre-post design","1"
"623","208","RR",,"2025-03-31 16:46:43","2025-03-31 16:46:43","abstract",NULL,"0"
"624","16","RR",,"2025-03-31 22:21:53","2025-03-31 22:21:53","fulltext","No exercise intervention","1"
"625","33","RR",,"2025-04-01 13:55:33","2025-04-01 13:55:33","fulltext","No pre-post design","1"
"626","41","RR",,"2025-04-01 13:58:24","2025-04-01 13:58:24","fulltext",NULL,"0"
"627","42","RR",,"2025-04-01 14:03:15","2025-04-01 14:03:15","fulltext",NULL,"0"
"628","43","RR",,"2025-04-01 14:04:35","2025-04-01 14:04:35","fulltext",NULL,"0"
"629","44","RR",,"2025-04-01 14:06:25","2025-04-01 14:06:25","fulltext",NULL,"0"
"630","45","RR",,"2025-04-01 14:10:04","2025-04-01 14:10:04","fulltext",NULL,"0"
"631","46","RR",,"2025-04-01 14:11:21","2025-04-01 14:11:21","fulltext","No pre-post design","1"
"632","47","RR",,"2025-04-01 14:13:43","2025-04-01 14:13:43","fulltext",NULL,"0"
"633","49","RR",,"2025-04-01 14:14:46","2025-04-01 14:14:46","fulltext",NULL,"0"
"634","50","RR",,"2025-04-01 14:17:20","2025-04-01 14:17:20","fulltext","No pre-post design","1"
"635","51","RR",,"2025-04-01 14:18:30","2025-04-01 14:18:30","fulltext",NULL,"0"
"636","52","RR",,"2025-04-01 14:19:26","2025-04-01 14:19:26","fulltext",NULL,"0"
"637","53","RR",,"2025-04-01 14:21:57","2025-04-01 14:21:57","fulltext",NULL,"0"
"638","55","RR",,"2025-04-01 14:22:32","2025-04-01 14:22:32","fulltext",NULL,"0"
"639","56","RR",,"2025-04-01 14:23:04","2025-04-01 14:23:04","fulltext",NULL,"0"
"640","58","RR",,"2025-04-01 14:25:13","2025-04-01 14:25:13","fulltext",NULL,"0"
"641","60","RR",,"2025-04-01 14:29:24","2025-04-01 14:29:24","fulltext",NULL,"0"
"642","61","RR",,"2025-04-01 14:30:29","2025-04-01 14:30:29","fulltext",NULL,"0"
"643","62","RR",,"2025-04-01 14:31:41","2025-04-01 14:31:41","fulltext",NULL,"0"
"644","63","RR",,"2025-04-01 14:35:04","2025-04-01 14:35:04","fulltext",NULL,"0"
"645","125","SN","The outcome is not directly exercise related and the intervention neither (only stretching as one of several non-pharmocological treatments could be considered exercise). So in my view this is not exercise intervention.","2025-04-01 15:49:02","2025-04-01 15:49:02","fulltext","No exercise intervention","1"
"646","142","SN","the outcome is days to symptom recovery, so there is only a single timepoint of measurement","2025-04-01 15:51:51","2025-04-01 15:51:51","fulltext","No pre-post design","1"
"647","64","RR",,"2025-04-01 15:52:37","2025-04-01 15:52:37","fulltext",NULL,"0"
"648","65","RR",,"2025-04-01 15:53:18","2025-04-01 15:53:18","fulltext",NULL,"0"
"649","178","SN","seems like most of the included studies are crossover trial with two points of measurement (the two conditions preconditioning vs control), but no pre-measurements","2025-04-01 15:55:05","2025-04-01 15:55:05","fulltext","No pre-post design","1"
"650","66","RR",,"2025-04-01 15:55:58","2025-04-01 15:55:58","fulltext","No pre-post design","1"
"651","194","SN","From my reading, most studies included have no pre-post design but just one time point of measurement","2025-04-01 15:58:20","2025-04-01 15:58:20","fulltext",NULL,"0"
"652","198","SN","only within group comparisons (time course analysis), no between group analysis","2025-04-01 16:06:22","2025-04-01 16:06:22","fulltext","No group comparison","1"
"653","208","SN",,"2025-04-01 16:08:36","2025-04-01 16:08:36","fulltext","No group comparison","1"
"654","68","RR",,"2025-04-02 09:52:20","2025-04-02 09:52:20","fulltext",NULL,"0"
"655","75","RR",,"2025-04-02 09:53:18","2025-04-02 09:53:18","fulltext",NULL,"0"
"656","77","RR",,"2025-04-02 09:54:18","2025-04-02 09:54:18","fulltext","No pre-post design","1"
"657","79","RR",,"2025-04-02 09:54:57","2025-04-02 09:54:57","fulltext",NULL,"0"
"658","80","RR",,"2025-04-02 09:55:43","2025-04-02 09:55:43","fulltext",NULL,"0"
"659","82","RR",,"2025-04-02 09:57:13","2025-04-02 09:57:13","fulltext","No pre-post design","1"
"660","83","RR",,"2025-04-02 09:59:12","2025-04-02 09:59:12","fulltext","No group comparison","1"
"661","85","RR",,"2025-04-02 10:01:00","2025-04-02 10:01:00","fulltext","No pre-post design","1"
"662","86","RR",,"2025-04-02 10:02:38","2025-04-02 10:02:38","fulltext",NULL,"0"
"663","87","RR",,"2025-04-02 10:08:53","2025-04-02 10:08:53","fulltext","No pre-post design","1"
"664","89","RR",,"2025-04-02 10:10:18","2025-04-02 10:10:18","fulltext",NULL,"0"
"665","90","RR",,"2025-04-02 10:13:16","2025-04-02 10:13:16","fulltext",NULL,"0"
"666","92","RR",,"2025-04-02 13:46:36","2025-04-02 13:46:36","fulltext",NULL,"0"
"667","95","RR",,"2025-04-02 13:47:19","2025-04-02 13:47:19","fulltext",NULL,"0"
"668","96","RR",,"2025-04-02 13:48:05","2025-04-02 13:48:05","fulltext",NULL,"0"
"669","97","RR",,"2025-04-02 13:49:11","2025-04-02 13:49:11","fulltext",NULL,"0"
"670","99","RR",,"2025-04-02 13:49:58","2025-04-02 13:49:58","fulltext","No pre-post design","1"
"671","101","RR",,"2025-04-02 13:51:15","2025-04-02 13:51:15","fulltext",NULL,"0"
"672","102","RR",,"2025-04-02 13:56:46","2025-04-02 13:56:46","fulltext",NULL,"0"
"673","103","RR",,"2025-04-02 13:58:18","2025-04-02 13:58:18","fulltext","No pre-post design","1"
"674","104","RR",,"2025-04-02 14:17:21","2025-04-02 14:17:21","fulltext",NULL,"0"
"675","105","RR",,"2025-04-02 14:19:50","2025-04-02 14:19:50","fulltext",NULL,"0"
"676","106","RR",,"2025-04-02 14:21:16","2025-04-02 14:21:16","fulltext","No pre-post design","1"
"677","107","RR",,"2025-04-02 14:22:13","2025-04-02 14:22:13","fulltext",NULL,"0"
"678","109","RR",,"2025-04-02 14:24:45","2025-04-02 14:24:45","fulltext","No pre-post design","1"
"679","111","RR",,"2025-04-02 14:26:43","2025-04-02 14:26:43","fulltext",NULL,"0"
"680","113","RR",,"2025-04-02 14:27:53","2025-04-02 14:27:53","fulltext",NULL,"0"
"681","114","RR",,"2025-04-02 14:31:07","2025-04-02 14:31:07","fulltext",NULL,"0"
"682","117","RR",,"2025-04-02 14:37:55","2025-04-02 14:37:55","fulltext",NULL,"0"
"683","119","RR",,"2025-04-02 14:51:45","2025-04-02 14:51:45","fulltext",NULL,"0"
"684","120","RR",,"2025-04-02 14:52:23","2025-04-02 14:52:23","fulltext",NULL,"0"
"685","122","RR",,"2025-04-02 14:53:50","2025-04-02 14:53:50","fulltext","No pre-post design","1"
"686","125","RR",,"2025-04-02 14:55:32","2025-04-02 14:55:32","fulltext","No pre-post design","1"
"687","126","RR",,"2025-04-02 14:56:17","2025-04-02 14:56:17","fulltext",NULL,"0"
"688","128","RR",,"2025-04-02 21:11:19","2025-04-02 21:11:19","fulltext",NULL,"0"
"689","129","RR",,"2025-04-02 21:11:56","2025-04-02 21:11:56","fulltext",NULL,"0"
"690","131","RR",,"2025-04-02 21:14:17","2025-04-02 21:14:17","fulltext",NULL,"0"
"691","132","RR",,"2025-04-02 21:15:18","2025-04-02 21:15:18","fulltext","No pre-post design","1"
"692","134","RR",,"2025-04-02 21:15:56","2025-04-02 21:15:56","fulltext",NULL,"0"
"693","136","RR",,"2025-04-02 21:16:56","2025-04-02 21:16:56","fulltext",NULL,"0"
"694","137","RR",,"2025-04-02 21:17:54","2025-04-02 21:17:54","fulltext",NULL,"0"
"695","139","RR",,"2025-04-02 21:20:53","2025-04-02 21:20:53","fulltext",NULL,"0"
"696","140","RR",,"2025-04-02 21:24:46","2025-04-02 21:24:46","fulltext",NULL,"0"
"697","142","RR",,"2025-04-02 21:27:58","2025-04-02 21:27:58","fulltext","No pre-post design","1"
"698","144","RR",,"2025-04-03 11:36:00","2025-04-03 11:36:00","fulltext","No pre-post design","1"
"699","145","RR",,"2025-04-03 11:37:23","2025-04-03 11:37:23","fulltext","No pre-post design","1"
"700","148","RR",,"2025-04-03 11:38:02","2025-04-03 11:38:02","fulltext",NULL,"0"
"701","149","RR",,"2025-04-03 11:40:13","2025-04-03 11:40:13","fulltext",NULL,"0"
"702","151","RR",,"2025-04-03 11:41:04","2025-04-03 11:41:04","fulltext",NULL,"0"
"703","152","RR",,"2025-04-03 11:43:57","2025-04-03 11:43:57","fulltext","No pre-post design","1"
"704","153","RR",,"2025-04-03 11:44:53","2025-04-03 11:44:53","fulltext",NULL,"0"
"705","157","RR",,"2025-04-03 11:45:38","2025-04-03 11:45:38","fulltext",NULL,"0"
"706","158","RR",,"2025-04-03 11:46:37","2025-04-03 11:46:37","fulltext",NULL,"0"
"707","159","RR",,"2025-04-03 11:51:49","2025-04-03 11:51:49","fulltext",NULL,"0"
"708","160","RR",,"2025-04-03 21:32:06","2025-04-03 21:32:06","fulltext",NULL,"0"
"709","161","RR",,"2025-04-03 21:36:31","2025-04-03 21:36:31","fulltext","No pre-post design","1"
"710","163","RR",,"2025-04-03 21:37:05","2025-04-03 21:37:05","fulltext",NULL,"0"
"711","164","RR",,"2025-04-03 21:37:35","2025-04-03 21:37:35","fulltext",NULL,"0"
"712","165","RR",,"2025-04-03 21:38:19","2025-04-03 21:38:19","fulltext",NULL,"0"
"713","170","RR",,"2025-04-03 21:38:49","2025-04-03 21:38:49","fulltext",NULL,"0"
"714","172","RR",,"2025-04-03 21:40:43","2025-04-03 21:40:43","fulltext",NULL,"0"
"715","177","RR",,"2025-04-03 21:42:39","2025-04-03 21:42:39","fulltext",NULL,"0"
"716","178","RR",,"2025-04-03 21:43:52","2025-04-03 21:43:52","fulltext",NULL,"0"
"717","179","RR",,"2025-04-03 21:44:25","2025-04-03 21:44:25","fulltext",NULL,"0"
"718","180","RR",,"2025-04-03 21:45:42","2025-04-03 21:45:42","fulltext",NULL,"0"
"719","44","TS",,"2025-04-04 18:12:36","2025-04-04 18:12:36","fulltext","No group comparison","1"
"720","50","TS",,"2025-04-04 18:19:08","2025-04-04 18:19:08","fulltext",NULL,"0"
"721","53","TS",,"2025-04-04 18:24:09","2025-04-04 18:24:09","fulltext",NULL,"0"
"722","60","TS",,"2025-04-04 18:26:00","2025-04-04 18:26:00","fulltext","No group comparison","1"
"723","77","TS","just 1 &quot;measurement&quot; point post intervention - ACL: yes / no","2025-04-04 18:32:54","2025-04-04 18:32:54","fulltext","No pre-post design","1"
"724","85","TS",,"2025-04-04 18:43:04","2025-04-04 18:43:04","fulltext",NULL,"0"
"725","87","TS","forest plots in supplemental material","2025-04-04 18:45:14","2025-04-04 18:45:14","fulltext",NULL,"0"
"726","97","TS","just within-group comparison of pre-post-tests","2025-04-04 18:56:25","2025-04-04 18:56:25","fulltext","No group comparison","1"
"727","109","TS",,"2025-04-04 19:15:58","2025-04-04 19:15:58","fulltext",NULL,"0"
"728","111","TS",,"2025-04-04 19:21:43","2025-04-04 19:21:43","fulltext","No group comparison","1"
"729","114","TS",,"2025-04-04 19:35:34","2025-04-04 19:35:34","fulltext","No group comparison","1"
"730","122","TS",,"2025-04-04 19:38:59","2025-04-04 19:38:59","fulltext",NULL,"0"
"731","132","TS",,"2025-04-04 19:49:47","2025-04-04 19:49:47","fulltext","No group comparison","1"
"732","145","TS",,"2025-04-04 19:52:02","2025-04-04 19:52:02","fulltext",NULL,"0"
"733","151","TS",,"2025-04-04 20:02:01","2025-04-04 20:02:01","fulltext","No group comparison","1"
"734","152","TS",,"2025-04-04 20:06:51","2025-04-04 20:06:51","fulltext",NULL,"0"
"735","178","TS",,"2025-04-04 20:16:15","2025-04-04 20:16:15","fulltext",NULL,"0"
"736","181","OQ",,"2025-04-04 21:51:23","2025-04-04 21:51:23","fulltext","No group comparison","1"
"737","182","OQ","Network meta-analysis. No intervention vs. control design.","2025-04-04 21:52:54","2025-04-04 21:52:54","fulltext","No group comparison","1"
"738","183","OQ",,"2025-04-04 21:53:34","2025-04-04 21:53:34","fulltext",NULL,"0"
"739","184","OQ",,"2025-04-04 21:54:39","2025-04-04 21:54:39","fulltext",NULL,"0"
"740","186","OQ",,"2025-04-04 21:55:16","2025-04-04 21:55:16","fulltext",NULL,"0"
"741","189","OQ",,"2025-04-04 22:04:29","2025-04-04 22:04:29","fulltext","No pre-post design","1"
"742","190","OQ",,"2025-04-04 22:06:05","2025-04-04 22:06:05","fulltext",NULL,"0"
"743","192","OQ",,"2025-04-04 22:06:52","2025-04-04 22:06:52","fulltext",NULL,"0"
"744","193","OQ",,"2025-04-04 22:07:20","2025-04-04 22:07:20","fulltext",NULL,"0"
"745","194","OQ",,"2025-04-04 22:08:20","2025-04-04 22:08:20","fulltext","No exercise intervention","1"
"746","197","OQ",,"2025-04-04 22:09:14","2025-04-04 22:09:14","fulltext","No group comparison","1"
"747","198","OQ","Acute responses in Pax7+","2025-04-04 22:10:16","2025-04-04 22:10:16","fulltext","No exercise intervention","1"
"748","200","OQ",,"2025-04-04 22:11:06","2025-04-04 22:11:06","fulltext","No exercise intervention","1"
"749","201","OQ",,"2025-04-04 22:12:32","2025-04-04 22:12:32","fulltext","No group comparison","1"
"750","202","OQ",,"2025-04-04 22:12:58","2025-04-04 22:12:58","fulltext",NULL,"0"
"751","203","OQ",,"2025-04-04 22:14:24","2025-04-04 22:14:24","fulltext","No group comparison","1"
"752","204","OQ",,"2025-04-04 22:15:25","2025-04-04 22:15:25","fulltext","No group comparison","1"
"753","208","OQ",,"2025-04-04 22:16:18","2025-04-04 22:16:18","fulltext","No group comparison","1"
"754","209","OQ",,"2025-04-04 22:16:51","2025-04-04 22:16:51","fulltext","No group comparison","1"
"755","181","TS",,"2025-04-05 08:31:57","2025-04-05 08:31:57","fulltext",NULL,"0"
"756","182","TS",,"2025-04-05 08:36:18","2025-04-05 08:36:18","fulltext",NULL,"0"
"757","183","TS",,"2025-04-05 08:39:02","2025-04-05 08:39:02","fulltext",NULL,"0"
"758","194","TS",,"2025-04-05 08:42:33","2025-04-05 08:42:33","fulltext","No pre-post design","1"
"759","197","TS",,"2025-04-05 08:45:25","2025-04-05 08:45:25","fulltext",NULL,"0"
"760","200","TS",,"2025-04-05 08:47:43","2025-04-05 08:47:43","fulltext",NULL,"0"
"761","209","TS",,"2025-04-05 08:51:01","2025-04-05 08:51:01","fulltext",NULL,"0"
